prompt_idx,pos,input_token,wall_ms,embed_gpu_ms,attention_gpu_ms,router_gpu_ms,experts_gpu_ms,final_gpu_ms,h2d_bytes,d2h_bytes,d2d_bytes,vram_used_bytes
0,0,7985,2377.850400,4.979300,30.613100,2.985900,2332.516113,6.499700,0,632320,196608,3913809920
0,1,1172,2246.080600,0.069800,30.983900,3.706000,2204.669189,6.386800,0,632320,196608,5157421056
0,2,13027,1571.122500,0.062600,30.581100,3.056800,1530.656250,6.435100,0,632320,196608,6044516352
0,3,2038,996.227000,0.068500,31.264999,3.842700,954.090210,6.525100,0,632320,196608,6438780928
0,4,369,862.789100,0.118300,30.622801,3.240500,822.092102,6.365300,0,632320,196608,6438780928
0,5,264,872.530800,0.050300,30.986500,3.351800,831.342285,6.432100,0,632320,196608,6438780928
0,6,729,835.020100,0.066500,43.784698,3.743700,775.418579,11.645000,0,632320,196608,6438780928
0,7,429,874.433100,0.072500,64.110901,6.247500,785.086121,18.555099,0,632320,196608,6438780928
0,8,20853,886.831800,0.084300,78.061302,8.286800,780.658691,19.336800,0,632320,196608,6438780928
0,9,264,571.357300,0.150700,63.249699,6.553200,489.204498,11.694800,0,632320,196608,6438780928
0,10,1140,365.896700,0.115000,55.394501,3.947400,294.428406,11.590900,0,632320,196608,6438780928
0,11,1667,355.508700,0.062600,45.069901,3.530200,297.340088,9.145300,0,632320,196608,6438780928
0,12,3974,843.646600,0.086700,43.883400,3.617700,786.422119,9.255400,0,632320,196608,6438780928
0,13,6860,441.970800,0.076200,44.100899,3.532000,384.591614,9.207200,0,632320,196608,6438780928
0,14,13,1618.452600,0.074500,57.874802,5.663000,1535.392944,19.031401,0,632320,196608,6438780928
0,15,2308,1145.080700,0.083500,77.274803,8.620700,1040.295044,18.418200,0,632320,196608,6438780928
0,16,6042,485.215100,0.501800,44.614498,3.626100,427.056305,9.012900,0,632320,196608,6438780928
0,17,11,417.010600,0.075100,43.696301,4.153600,359.670807,9.033300,0,632320,196608,6438780928
0,18,902,390.348900,0.122100,43.206600,3.970300,333.661011,9.046600,0,632320,196608,6438780928
0,19,16148,410.657000,0.050000,43.030602,3.386900,354.800415,8.994300,0,632320,196608,6438780928
0,20,11,214.384700,0.103000,40.725800,3.672500,161.812302,7.690600,0,632320,196608,6438780928
0,21,2038,351.795900,0.069600,34.055302,3.554900,306.931305,6.752500,0,632320,196608,6438780928
0,22,1172,352.299300,0.144500,32.848598,3.535800,308.595398,6.764400,0,632320,196608,6438780928
0,23,13,270.267900,0.138000,32.832699,4.531800,225.605698,6.722300,0,632320,196608,6438780928
0,24,576,485.936100,0.084800,32.569599,3.376600,442.679108,6.778500,0,632320,196608,6438780928
0,25,729,345.508500,0.081700,32.962799,3.346300,301.943512,6.737100,0,632320,196608,6438780928
0,26,1265,318.483500,0.077000,30.615000,3.290900,278.063385,6.082800,0,632320,196608,6438780928
0,27,387,231.653800,0.044000,29.956600,3.709900,191.341599,6.170300,0,632320,196608,6438780928
0,28,2598,355.363900,0.072400,30.278400,3.648000,314.886810,6.097800,0,632320,196608,6438780928
0,29,3974,623.207100,0.065500,29.630899,3.056400,583.941589,6.099000,0,632320,196608,6438780928
0,30,6860,317.591500,0.075400,29.854099,3.165700,277.773285,6.180900,0,632320,196608,6438780928
0,31,323,252.913900,0.099800,31.911900,3.313400,210.527802,6.683000,0,632320,196608,6438780928
0,32,1896,233.270600,0.073600,26.431299,2.723600,198.726395,4.929500,0,632320,196608,6438780928
0,33,264,333.807500,0.095500,24.375799,3.081900,300.929291,4.968800,0,632320,196608,6438780928
0,34,1140,266.604300,0.069000,24.694901,2.735100,233.840698,4.904000,0,632320,196608,6438780928
0,35,438,284.939000,0.045900,24.570000,2.805100,252.084198,4.979400,0,632320,196608,6438780928
0,36,1946,245.984600,0.096100,24.769100,3.426100,212.313400,5.000800,0,632320,196608,6438780928
0,37,13,281.710400,0.066500,25.440599,3.921600,246.756302,4.963100,0,632320,196608,6438780928
0,38,576,300.330000,0.066300,25.393101,3.232000,266.302307,4.951900,0,632320,196608,6438780928
0,39,729,271.789000,0.128900,25.385099,3.838800,237.072006,4.974200,0,632320,196608,6438780928
0,40,1265,212.379700,0.068200,25.778999,3.440700,177.606903,4.977200,0,632320,196608,6438780928
0,41,470,211.378700,0.051500,25.761200,3.235000,177.035599,4.939900,0,632320,196608,6438780928
0,42,264,322.833600,0.071400,26.122299,3.555900,287.610901,5.003100,0,632320,196608,6438780928
0,43,501,248.439100,0.117500,26.256399,3.557900,213.022705,5.040900,0,632320,196608,6438780928
0,44,1140,188.111100,0.071900,25.767900,2.877200,154.126801,4.897000,0,632320,196608,6438780928
0,45,11,262.176400,0.050000,25.863300,2.678900,228.240097,4.916000,0,632320,196608,6438780928
0,46,537,193.403800,0.087300,25.922800,2.730200,159.388504,4.889300,0,632320,196608,6438780928
0,47,5602,165.361700,0.045700,26.032900,2.740200,131.246796,4.933100,0,632320,196608,6438780928
0,48,279,277.728100,0.055400,26.376301,3.026700,242.945297,4.953400,0,632320,196608,6438780928
0,49,1946,148.588100,0.067100,26.555300,2.882900,113.790802,4.898800,0,632320,196608,6438780928
0,50,1140,145.697300,0.061600,26.472000,2.722600,111.139900,4.928800,0,632320,196608,6438780928
0,51,13,197.284500,0.063100,26.760799,2.580000,162.573105,4.948600,0,632320,196608,6438780928
0,52,576,196.074900,0.048400,26.572500,2.535200,161.551102,4.967900,0,632320,196608,6438780928
0,53,729,168.030600,0.061300,27.023600,2.590600,132.929001,4.985500,0,632320,196608,6438780928
0,54,1265,186.424700,0.068400,26.878700,2.685900,151.522202,4.900500,0,632320,196608,6438780928
0,55,387,168.902000,0.045800,27.043100,2.696000,133.797806,4.950100,0,632320,196608,6438780928
0,56,30819,245.711300,0.071100,27.345400,2.818300,210.113998,4.956500,0,632320,196608,6438780928
0,57,13,140.638500,0.058300,27.977600,3.084500,104.200104,4.939900,0,632320,196608,6438780928
0,58,576,120.525000,0.067400,28.704700,3.737500,82.653397,4.950900,0,632320,196608,6438780928
0,59,729,109.516000,0.213100,27.736700,3.165900,73.030098,4.931500,0,632320,196608,6438780928
0,60,1265,142.061100,0.059000,28.089001,2.683800,105.865196,4.958100,0,632320,196608,6438780928
0,61,537,211.922600,0.066200,28.876699,3.785300,173.691498,5.088800,0,632320,196608,6438780928
0,62,990,232.181900,0.101800,29.388000,4.638100,192.395798,5.055600,0,632320,196608,6438780928
0,63,894,221.209700,0.144900,28.651600,4.393900,182.389297,5.085600,0,632320,196608,6438780928
0,64,5798,534.801200,0.109900,29.040600,4.466100,495.639191,5.063100,0,632320,196608,6438780928
0,65,3419,175.476600,0.117600,28.603901,3.831300,137.413498,5.035500,0,632320,196608,6438780928
0,66,3378,698.074300,0.102900,28.568001,4.510200,659.405579,5.006400,0,632320,196608,6438780928
0,67,5746,247.492200,0.091200,28.505501,4.901800,208.526596,5.021600,0,632320,196608,6438780928
0,68,13,379.671400,0.105300,29.048100,4.625300,340.421204,5.014600,0,632320,196608,6438780928
0,69,576,323.508700,0.136100,29.219299,4.330800,284.229095,5.077300,0,632320,196608,6438780928
0,70,729,306.505000,0.111900,29.393600,5.105700,266.448090,5.006500,0,632320,196608,6438780928
0,71,1265,217.139800,0.149700,28.441900,4.212300,178.931305,4.990300,0,632320,196608,6438780928
0,72,387,217.585600,0.089800,29.138201,5.295300,177.350403,5.169500,0,632320,196608,6438780928
0,73,11050,414.645400,0.100900,29.540600,5.166100,374.351410,5.033600,0,632320,196608,6438780928
0,74,13,128.916700,0.113800,29.315001,5.350400,88.757599,5.002900,0,632320,196608,6438780928
0,75,576,158.731000,0.069900,28.949400,4.500600,119.645798,5.058400,0,632320,196608,6438780928
0,76,729,193.313700,0.128200,28.976999,4.988700,153.674500,5.047200,0,632320,196608,6438780928
0,77,1265,93.944800,0.150300,28.911200,4.245000,54.978699,5.058200,0,632320,196608,6438780928
0,78,387,125.816300,0.275000,29.028900,4.859500,86.061203,5.108600,0,632320,196608,6438780928
0,79,5326,208.479800,0.136100,28.855600,4.899900,169.188904,4.983800,0,632320,196608,6438780928
0,80,304,344.393700,0.068500,29.185200,4.728500,304.846313,5.033400,0,632320,196608,6438780928
0,81,264,192.872800,0.135300,28.708000,4.178400,154.523193,4.953500,0,632320,196608,6438780928
0,82,1616,297.542600,0.064800,28.388700,3.658100,259.964508,5.002100,0,632320,196608,6438780928
0,83,429,142.408100,0.113000,28.866699,4.254000,103.608803,5.069000,0,632320,196608,6438780928
0,84,374,152.163400,0.121100,28.631100,4.538900,113.160599,5.085300,0,632320,196608,6438780928
0,85,4135,211.273700,0.113600,28.982300,4.346100,172.237198,5.149800,0,632320,196608,6438780928
0,86,311,165.679200,0.117400,29.257900,4.857200,125.879601,5.000700,0,632320,196608,6438780928
0,87,1349,175.509700,0.096600,29.405701,4.884200,135.409500,5.178600,0,632320,196608,6438780928
1,0,7985,423.470500,3.441500,25.730400,4.396600,384.480804,5.006700,0,632320,196608,6438780928
1,1,1172,254.811800,0.071100,25.553801,4.338000,219.198105,5.065900,0,632320,196608,6438780928
1,2,13027,244.276500,0.078900,25.554001,4.320400,208.777298,4.966300,0,632320,196608,6438780928
1,3,2038,170.597600,0.112000,25.454500,4.042100,135.353394,5.087200,0,632320,196608,6438780928
1,4,369,229.358200,0.108500,25.843201,4.888700,192.911499,5.074200,0,632320,196608,6438780928
1,5,264,201.573400,0.107000,25.128000,4.135100,166.788605,5.049600,0,632320,196608,6438780928
1,6,729,169.667100,0.144300,24.909401,4.103400,135.112000,5.022300,0,632320,196608,6438780928
1,7,429,206.973400,0.125300,25.576500,4.317700,171.230896,5.182800,0,632320,196608,6438780928
1,8,17431,445.071200,0.132200,25.080200,3.647100,410.627808,5.028000,0,632320,196608,6438780928
1,9,288,212.162100,0.067600,25.052099,4.015900,177.516998,4.976200,0,632320,196608,6438780928
1,10,264,220.480300,0.119000,25.702200,4.791100,184.248398,5.012400,0,632320,196608,6438780928
1,11,85499,309.529900,0.109100,25.639700,4.510200,273.784485,5.047600,0,632320,196608,6438780928
1,12,10592,250.351100,0.128400,25.864599,4.468100,214.343704,5.043100,0,632320,196608,6438780928
1,13,1140,212.126700,0.070300,25.222601,3.727800,177.639206,5.064400,0,632320,196608,6438780928
1,14,13,330.439500,0.070300,25.366100,3.400600,296.059387,5.070300,0,632320,196608,6438780928
1,15,2308,302.921400,0.236500,25.663000,4.039700,267.439789,5.046400,0,632320,196608,6438780928
1,16,6042,206.465700,0.177000,25.688499,4.208500,170.712296,5.037900,0,632320,196608,6438780928
1,17,11,141.845800,0.096400,25.178200,3.849100,107.022202,5.135800,0,632320,196608,6438780928
1,18,902,167.214900,0.101000,25.547600,4.797800,131.427094,4.948500,0,632320,196608,6438780928
1,19,16148,171.730400,0.072600,25.193100,4.068100,136.755600,5.082800,0,632320,196608,6438780928
1,20,11,119.617500,0.115900,25.381500,4.762500,84.025002,4.951400,0,632320,196608,6438780928
1,21,2038,165.475700,0.054600,25.246901,4.272600,130.293198,5.108800,0,632320,196608,6438780928
1,22,1172,205.928700,0.102800,25.730200,4.363700,170.124100,5.107400,0,632320,196608,6438780928
1,23,13,145.889100,0.124000,25.642799,4.382800,110.402702,4.961800,0,632320,196608,6438780928
1,24,576,228.584100,0.087000,25.340099,4.253800,193.322098,5.012800,0,632320,196608,6438780928
1,25,729,196.314100,0.100000,25.892900,4.655700,160.289597,4.965000,0,632320,196608,6438780928
1,26,1265,173.806900,0.079700,25.826599,4.561700,137.708496,5.092600,0,632320,196608,6438780928
1,27,387,136.615700,0.111700,25.705799,4.900500,100.297501,5.048000,0,632320,196608,6438780928
1,28,2598,191.653500,0.117100,26.057800,3.729600,156.294800,5.018300,0,632320,196608,6438780928
1,29,9931,407.894100,0.072900,25.841499,4.199800,372.375885,5.012500,0,632320,196608,6438780928
1,30,2019,238.414400,0.079800,25.707701,4.152000,203.086395,5.001200,0,632320,196608,6438780928
1,31,323,249.860500,0.072400,26.072300,4.173100,214.097107,5.018500,0,632320,196608,6438780928
1,32,1896,177.423000,0.110900,25.330500,4.385400,142.093506,5.073000,0,632320,196608,6438780928
1,33,264,242.109400,0.085300,25.760599,4.530000,206.102707,5.096900,0,632320,196608,6438780928
1,34,1968,380.597700,0.110200,25.753700,4.508000,344.842285,4.991800,0,632320,196608,6438780928
1,35,2436,216.650600,0.063100,25.673500,4.282300,181.008408,5.137700,0,632320,196608,6438780928
1,36,438,238.952000,0.146700,26.395800,4.303700,202.527100,5.021200,0,632320,196608,6438780928
1,37,1946,153.164000,0.107000,26.281700,4.491900,116.560204,5.187700,0,632320,196608,6438780928
1,38,13,257.557800,0.116400,26.419201,4.541400,221.135696,4.949000,0,632320,196608,6438780928
1,39,576,242.066600,0.069600,26.434299,3.938400,206.135696,4.996600,0,632320,196608,6438780928
1,40,729,236.641300,0.106000,26.612900,4.038700,200.246506,5.054700,0,632320,196608,6438780928
1,41,1265,199.710500,0.100500,27.114000,4.499300,162.260300,5.198700,0,632320,196608,6438780928
1,42,470,214.395200,0.159600,27.051201,4.366700,177.098297,5.107400,0,632320,196608,6438780928
1,43,279,319.604300,0.080700,26.686899,4.507800,282.899811,5.000600,0,632320,196608,6438780928
1,44,501,328.159100,0.100900,26.682100,3.676300,292.406799,4.936900,0,632320,196608,6438780928
1,45,1968,257.646300,0.050400,26.863001,3.817500,221.300507,4.981300,0,632320,196608,6438780928
1,46,315,377.754500,0.139100,27.518600,5.520700,338.932007,5.057400,0,632320,196608,6438780928
1,47,279,316.809100,0.111700,27.700399,4.544600,278.929199,4.987700,0,632320,196608,6438780928
1,48,27437,230.135900,0.077800,27.042601,3.971800,193.558807,5.064100,0,632320,196608,6438780928
1,49,1140,229.467500,0.090500,27.276300,4.138100,192.353607,5.051700,0,632320,196608,6438780928
1,50,382,535.410400,0.129200,27.670601,3.985800,498.019196,5.139400,0,632320,196608,6438780928
1,51,73594,774.448300,0.073300,28.562099,4.789100,735.415100,5.131300,0,632320,196608,6438780928
1,52,12669,420.564400,0.129000,28.372601,5.269800,381.336792,5.028000,0,632320,196608,6438780928
1,53,198,356.260300,0.078700,31.520300,4.896900,313.541901,5.819200,0,632320,196608,6438780928
1,54,1040,273.709600,0.080500,32.783501,4.871600,229.755600,5.855100,0,632320,196608,6438780928
1,55,6018,431.423600,0.063700,33.013599,4.230000,387.531097,6.130700,0,632320,196608,6438780928
1,56,510,330.772300,0.103500,35.077301,4.630200,284.217010,6.258400,0,632320,196608,6438780928
1,57,262,553.759700,0.101700,36.507599,4.851200,505.020996,6.924200,0,632320,196608,6438780928
1,58,707,542.989600,0.076500,39.332401,3.845200,491.487213,7.740000,0,632320,196608,6438780928
1,59,1304,436.944600,0.138400,43.999500,4.621900,380.227112,7.472000,0,632320,196608,6438780928
1,60,2327,650.389600,0.110400,42.613800,5.478700,594.200378,7.530800,0,632320,196608,6438780928
1,61,3804,377.948100,0.103600,43.456799,5.874300,320.589996,7.500700,0,632320,196608,6438780928
1,62,721,338.116000,0.135000,43.166901,5.973700,280.704895,7.545400,0,632320,196608,6438780928
1,63,11,367.195500,0.074700,43.515499,5.334400,309.941986,7.826900,0,632320,196608,6438780928
1,64,897,369.164300,0.126200,43.956299,4.866100,311.924286,7.872600,0,632320,196608,6438780928
1,65,11,348.030900,0.167300,44.179298,5.583200,289.658203,7.909800,0,632320,196608,6438780928
1,66,1790,253.326700,0.104200,45.297100,5.689900,194.614594,7.227400,0,632320,196608,6438780928
1,67,5856,293.064800,0.135500,38.416500,5.677700,242.212494,6.099100,0,632320,196608,6438780928
1,68,982,279.132800,0.133800,34.497898,3.877800,234.038300,6.097100,0,632320,196608,6438780928
1,69,286,244.357700,0.109100,33.541500,4.717500,199.479294,5.715400,0,632320,196608,6438780928
1,70,656,356.164000,0.219400,32.614498,4.859300,312.338196,5.694000,0,632320,196608,6438780928
1,71,2824,204.426500,0.067600,32.158001,4.794900,161.269394,5.734600,0,632320,196608,6438780928
1,72,284,477.335400,0.083500,29.801500,5.063200,436.793488,5.153000,0,632320,196608,6438780928
1,73,897,302.761300,0.169500,29.851900,5.050200,262.011108,5.180300,0,632320,196608,6438780928
1,74,198,271.029100,0.104900,29.340401,4.394800,231.485306,5.280800,0,632320,196608,6438780928
1,75,286,278.363700,0.077500,29.663500,4.518700,238.551193,5.142100,0,632320,196608,6438780928
1,76,656,168.718600,0.142300,29.576700,4.462000,128.946899,5.111300,0,632320,196608,6438780928
1,77,4529,167.302300,0.084000,29.490101,4.020700,128.271194,5.045800,0,632320,196608,6438780928
1,78,284,233.554700,0.146100,28.554100,4.541800,194.800003,5.046700,0,632320,196608,6438780928
1,79,1790,207.913700,0.277200,28.569201,4.149800,169.274994,5.153300,0,632320,196608,6438780928
1,80,271,263.428700,0.129000,28.570299,4.393100,224.737595,5.067000,0,632320,196608,6438780928
1,81,750,239.644200,0.104100,29.378000,4.725100,199.998703,5.015700,0,632320,196608,6438780928
1,82,9931,280.395900,0.123100,28.686800,4.413200,241.579498,5.071300,0,632320,196608,6438780928
1,83,2019,186.523300,0.125300,28.922899,4.156200,147.768997,5.077700,0,632320,196608,6438780928
1,84,25340,201.988100,0.117700,28.739700,4.075000,163.663101,4.964500,0,632320,196608,6438780928
1,85,982,203.880400,0.085100,28.028999,3.585500,166.567902,5.076100,0,632320,196608,6438780928
1,86,262,162.359900,0.098500,28.601999,4.485300,123.781998,5.003300,0,632320,196608,6438780928
1,87,7872,174.262900,0.067500,30.102900,4.895400,133.699493,5.038100,0,632320,196608,6438780928
2,0,7985,400.353800,3.521000,26.245600,4.767800,360.318390,5.060900,0,632320,196608,6438780928
2,1,1172,417.279500,0.106800,27.069000,5.267500,379.180511,5.093000,0,632320,196608,6438780928
2,2,13027,350.564200,0.110000,25.961000,4.358800,314.407715,5.165900,0,632320,196608,6438780928
2,3,2038,228.989400,0.128200,25.692600,4.797600,193.102005,4.920500,0,632320,196608,6438780928
2,4,369,216.701000,0.036300,25.070700,3.481200,182.335602,5.186200,0,632320,196608,6438780928
2,5,264,242.594100,0.118000,26.368700,5.028500,205.670502,5.039800,0,632320,196608,6438780928
2,6,729,182.596600,0.066300,25.720501,4.599500,146.704895,5.079000,0,632320,196608,6438780928
2,7,429,206.523200,0.112000,25.454300,4.047700,171.424393,5.015700,0,632320,196608,6438780928
2,8,12341,214.430500,0.097800,25.548901,4.818800,178.449203,5.028600,0,632320,196608,6438780928
2,9,3425,158.482700,0.088800,24.623800,3.573900,124.635803,5.105900,0,632320,196608,6438780928
2,10,264,174.421800,0.115200,25.231800,4.097400,139.427795,5.093600,0,632320,196608,6438780928
2,11,914,153.180000,0.119600,25.253799,3.885800,118.386497,5.045900,0,632320,196608,6438780928
2,12,374,140.155900,0.100500,25.034901,4.076000,105.160202,5.208400,0,632320,196608,6438780928
2,13,264,128.075200,0.106700,25.216400,5.071800,92.154198,5.066000,0,632320,196608,6438780928
2,14,73097,245.584600,0.175700,25.741899,4.244300,209.964401,5.040700,0,632320,196608,6438780928
2,15,13,353.486000,0.179700,25.382200,4.200800,318.285187,5.002500,0,632320,196608,6438780928
2,16,2308,302.463000,0.108100,25.249300,3.962700,267.632507,5.042300,0,632320,196608,6438780928
2,17,6042,242.230400,0.119600,25.013300,4.019900,207.636993,5.034300,0,632320,196608,6438780928
2,18,11,148.797400,0.062600,25.039400,3.983500,114.253998,4.999200,0,632320,196608,6438780928
2,19,902,140.487600,0.097700,25.711599,4.300900,105.037804,4.958300,0,632320,196608,6438780928
2,20,16148,189.943700,0.067800,26.518600,4.285300,153.420502,5.060000,0,632320,196608,6438780928
2,21,11,123.175800,0.081200,25.675100,4.948000,86.947502,5.030600,0,632320,196608,6438780928
2,22,2038,167.466100,0.136700,25.353300,4.367500,132.086197,5.055600,0,632320,196608,6438780928
2,23,1172,202.867500,0.109800,26.023100,4.038200,167.223907,5.034700,0,632320,196608,6438780928
2,24,13,145.482200,0.077700,25.745199,4.403400,109.582703,5.071000,0,632320,196608,6438780928
2,25,576,262.550100,0.127300,25.745800,4.843400,226.459702,4.984300,0,632320,196608,6438780928
2,26,729,203.637100,0.155700,25.999500,4.510300,167.234497,5.159800,0,632320,196608,6438780928
2,27,1265,182.156300,0.118600,25.469400,4.822200,146.097794,5.087200,0,632320,196608,6438780928
2,28,387,123.396100,0.075300,25.027800,3.958900,88.969398,4.965700,0,632320,196608,6438780928
2,29,2598,180.418200,0.078200,24.993999,4.025100,145.795700,5.032400,0,632320,196608,6438780928
2,30,374,329.885700,0.111900,25.267401,3.808100,295.297699,4.955100,0,632320,196608,6438780928
2,31,73310,352.107000,0.101500,24.957100,3.837000,317.891998,4.955900,0,632320,196608,6438780928
2,32,36058,177.618600,0.068000,25.115299,3.048300,143.969894,5.009000,0,632320,196608,6438780928
2,33,323,237.361500,0.075800,25.968300,5.050500,200.653000,5.080200,0,632320,196608,6438780928
2,34,1896,217.036100,0.105100,25.956499,4.945200,180.482193,5.011800,0,632320,196608,6438780928
2,35,264,287.894000,0.087000,26.220400,4.607100,251.549194,5.052700,0,632320,196608,6438780928
2,36,3175,279.737100,0.199000,26.418800,4.628100,243.139496,4.989200,0,632320,196608,6438780928
2,37,914,223.133500,0.114400,26.131100,4.727900,186.643906,5.103500,0,632320,196608,6438780928
2,38,5693,186.937000,0.081300,25.954399,4.049300,151.220306,5.102600,0,632320,196608,6438780928
2,39,13,301.336600,0.105100,26.466999,5.034800,264.363800,4.975600,0,632320,196608,6438780928
2,40,576,213.715700,0.121500,25.816401,3.923200,178.368607,5.110400,0,632320,196608,6438780928
2,41,729,201.278700,0.069300,26.367201,4.179400,165.120102,5.078000,0,632320,196608,6438780928
2,42,1265,203.795500,0.111200,27.111099,4.002800,166.988907,5.118600,0,632320,196608,6438780928
2,43,470,245.592900,0.108700,27.416800,4.464200,208.044098,5.103100,0,632320,196608,6438780928
2,44,3007,266.654200,0.092000,27.438700,4.265200,229.376602,5.004900,0,632320,196608,6438780928
2,45,421,220.340100,0.138100,27.925501,4.289300,182.321106,5.143400,0,632320,196608,6438780928
2,46,279,192.985100,0.107700,27.579100,4.389600,155.470200,5.045900,0,632320,196608,6438780928
2,47,914,196.299400,0.102600,27.517099,4.839100,158.412292,5.013000,0,632320,196608,6438780928
2,48,374,358.909800,0.121500,27.843300,4.810500,320.615204,5.084500,0,632320,196608,6438780928
2,49,264,215.444600,0.072800,27.619900,3.913800,178.245407,5.100100,0,632320,196608,6438780928
2,50,73097,211.181100,0.097700,28.017799,5.181900,172.490906,4.980800,0,632320,196608,6438780928
2,51,11,249.498800,0.064100,27.763399,3.782300,212.239700,5.061800,0,632320,196608,6438780928
2,52,3557,260.373000,0.113600,28.418900,4.448300,221.904800,5.060700,0,632320,196608,6438780928
2,53,5937,186.252700,0.112000,27.613001,4.052500,149.064697,4.996900,0,632320,196608,6438780928
2,54,382,306.918000,0.063300,27.799700,4.333500,269.267700,5.004900,0,632320,196608,6438780928
2,55,785,301.050500,0.093400,28.785299,4.163000,262.399200,5.063500,0,632320,196608,6438780928
2,56,729,281.086000,0.099500,29.115601,4.348300,241.830704,5.201300,0,632320,196608,6438780928
2,57,1265,215.611000,0.120600,28.859200,4.987900,176.063095,5.079900,0,632320,196608,6438780928
2,58,387,176.720600,0.108000,28.007099,3.579700,139.533997,5.005300,0,632320,196608,6438780928
2,59,1142,321.703600,0.093000,28.643700,3.773000,283.802704,5.014900,0,632320,196608,6438780928
2,60,56667,246.469100,0.064100,28.631201,3.896000,208.201004,5.101000,0,632320,196608,6438780928
2,61,11,294.680800,0.064500,28.808399,4.571400,255.332703,5.120800,0,632320,196608,6438780928
2,62,323,128.126200,0.069600,29.030199,3.732600,89.799400,5.019800,0,632320,196608,6438780928
2,63,1265,131.320200,0.078600,28.188000,4.503300,92.803200,5.109800,0,632320,196608,6438780928
2,64,537,138.312500,0.121300,28.914801,4.872600,98.728104,5.095100,0,632320,196608,6438780928
2,65,10034,246.376500,0.141500,28.811300,4.965200,206.759506,5.239100,0,632320,196608,6438780928
2,66,894,242.198800,0.110600,29.050301,4.906400,202.775208,4.979400,0,632320,196608,6438780928
2,67,5766,225.293300,0.118100,29.227800,4.776100,185.559998,5.063400,0,632320,196608,6438780928
2,68,13,162.419100,0.137500,28.801500,4.305500,123.588799,5.094400,0,632320,196608,6438780928
2,69,1752,256.283400,0.104600,29.088100,4.689000,216.724503,5.217000,0,632320,196608,6438780928
2,70,3110,224.346900,0.070600,28.727400,4.221300,185.785797,5.107700,0,632320,196608,6438780928
2,71,11,167.532900,0.087900,28.018801,3.651400,130.210800,5.081600,0,632320,196608,6438780928
2,72,364,481.278900,0.094200,28.690201,4.505600,442.446014,5.064700,0,632320,196608,6438780928
2,73,32,641.106300,0.144000,28.909901,4.879700,601.692200,5.086800,0,632320,196608,6438780928
2,74,6,318.417400,0.090600,29.345900,5.201900,278.287292,5.012400,0,632320,196608,6438780928
2,75,323,280.809000,0.121400,29.287399,4.770900,240.849701,5.183300,0,632320,196608,6438780928
2,76,364,300.424000,0.077800,28.914600,4.178100,261.854614,4.984500,0,632320,196608,6438780928
2,77,64,249.227300,0.094800,29.403000,3.689500,210.454605,5.198600,0,632320,196608,6438780928
2,78,6,191.733600,0.094200,29.468100,3.584600,153.143097,5.000000,0,632320,196608,6438780928
2,79,525,239.393700,0.077700,28.748301,4.840400,200.235992,5.004600,0,632320,196608,6438780928
2,80,6509,213.519400,0.166300,28.347099,3.949100,175.716293,4.965900,0,632320,196608,6438780928
2,81,2155,236.856400,0.068800,28.248600,4.102800,198.950607,5.046500,0,632320,196608,6438780928
2,82,382,429.969800,0.085300,28.987000,4.223000,391.075012,5.088500,0,632320,196608,6438780928
2,83,785,340.359500,0.103800,29.421600,5.170900,299.792114,5.091200,0,632320,196608,6438780928
2,84,729,336.379200,0.074900,29.278999,4.307900,297.215607,5.010300,0,632320,196608,6438780928
2,85,1265,226.568200,0.069200,29.212500,4.924900,186.907196,5.011000,0,632320,196608,6438780928
2,86,537,163.673600,0.114500,29.233000,4.175000,124.799896,4.931900,0,632320,196608,6438780928
2,87,990,214.032800,0.066000,28.723900,4.078700,175.783997,4.993300,0,632320,196608,6438780928
2,88,894,169.580200,0.072500,28.607700,3.568200,131.982605,4.972900,0,632320,196608,6438780928
3,0,7985,394.106000,3.541700,24.903900,3.503400,356.871399,4.928100,0,632320,196608,6438780928
3,1,1172,246.404200,0.052600,24.565399,3.427700,212.969803,5.007400,0,632320,196608,6438780928
3,2,13027,236.731800,0.067700,24.558001,3.112700,203.493301,5.114500,0,632320,196608,6438780928
3,3,2038,203.264200,0.068800,24.658100,3.421100,169.574600,5.051400,0,632320,196608,6438780928
3,4,369,189.922900,0.105100,24.460600,3.166000,156.873703,4.955800,0,632320,196608,6438780928
3,5,264,207.434000,0.075300,24.670799,3.649700,173.728806,4.917100,0,632320,196608,6438780928
3,6,729,169.484200,0.070600,24.735001,3.497000,135.675598,5.043300,0,632320,196608,6438780928
3,7,429,188.416600,0.136900,25.243401,3.454300,154.173706,5.024100,0,632320,196608,6438780928
3,8,57203,266.783100,0.071200,25.201500,3.384300,232.563904,5.083000,0,632320,196608,6438780928
3,9,279,175.455900,0.138900,24.948000,3.559500,141.402298,4.992400,0,632320,196608,6438780928
3,10,55129,420.117900,0.073000,25.088301,4.033500,385.462006,5.036400,0,632320,196608,6438780928
3,11,79683,286.285500,0.137500,25.174299,3.608700,251.952606,4.987800,0,632320,196608,6438780928
3,12,1372,175.402300,0.073200,24.860201,3.097300,141.980392,5.003100,0,632320,196608,6438780928
3,13,5367,234.474300,0.077300,24.917900,3.429000,200.570297,5.016900,0,632320,196608,6438780928
3,14,7887,125.257600,0.112300,24.999300,3.543900,91.253700,4.971400,0,632320,196608,6438780928
3,15,13,363.990300,0.070500,24.528799,3.231500,330.540192,5.157100,0,632320,196608,6438780928
3,16,2308,264.454900,0.084100,24.430000,2.615900,231.924805,4.980800,0,632320,196608,6438780928
3,17,6042,196.015300,0.126100,24.971800,3.412600,162.154694,4.975300,0,632320,196608,6438780928
3,18,11,133.405400,0.148900,24.279499,2.898500,100.474800,5.065600,0,632320,196608,6438780928
3,19,902,142.539600,0.109300,24.828899,3.104000,108.960297,5.036200,0,632320,196608,6438780928
3,20,16148,148.414700,0.115600,24.990101,3.665100,114.117798,5.015500,0,632320,196608,6438780928
3,21,11,103.564500,0.078200,24.433599,3.303600,70.405998,4.967100,0,632320,196608,6438780928
3,22,2038,159.050900,0.063100,24.689501,2.929400,125.992500,5.004400,0,632320,196608,6438780928
3,23,1172,182.617800,0.112200,24.729401,3.028400,149.349792,4.954700,0,632320,196608,6438780928
3,24,13,131.561300,0.086600,24.906099,3.241200,97.870499,5.037700,0,632320,196608,6438780928
3,25,576,209.364300,0.087000,24.575800,3.248500,176.045807,4.969500,0,632320,196608,6438780928
3,26,729,203.532900,0.078900,25.041000,3.695700,169.355499,4.983000,0,632320,196608,6438780928
3,27,1265,166.308500,0.066600,24.624001,3.486500,132.680893,4.996400,0,632320,196608,6438780928
3,28,387,118.065600,0.116100,24.978201,3.578600,84.006500,5.003800,0,632320,196608,6438780928
3,29,6941,172.913000,0.082600,24.983200,3.256600,139.081604,5.058300,0,632320,196608,6438780928
3,30,1565,203.907700,0.092300,24.909000,3.773600,169.610107,5.040700,0,632320,196608,6438780928
3,31,75326,329.591200,0.077300,25.502501,3.706800,294.645386,4.985400,0,632320,196608,6438780928
3,32,39345,151.626500,0.097400,24.984400,3.386800,117.755997,4.994500,0,632320,196608,6438780928
3,33,63,206.118200,0.088900,25.037399,3.063400,172.523697,5.014300,0,632320,196608,6438780928
3,34,323,219.870300,0.071400,25.503401,3.643000,185.188995,5.003500,0,632320,196608,6438780928
3,35,1896,207.895000,0.092500,25.441099,3.267100,173.702194,4.946800,0,632320,196608,6438780928
3,36,264,266.076500,0.098800,25.506500,3.659300,231.407806,4.983300,0,632320,196608,6438780928
3,37,3175,218.665000,0.096800,25.319401,3.280000,184.615906,4.951300,0,632320,196608,6438780928
3,38,7546,182.370400,0.132400,25.468399,3.301100,148.157806,4.945000,0,632320,196608,6438780928
3,39,5733,147.039300,0.065300,26.046801,3.695700,111.917999,4.944900,0,632320,196608,6438780928
3,40,1565,219.225100,0.064700,25.717800,3.123300,184.895203,4.987000,0,632320,196608,6438780928
3,41,77,257.725200,0.070900,26.139900,3.415700,222.466293,5.174300,0,632320,196608,6438780928
3,42,28587,319.455000,0.086100,26.264700,3.681500,283.893890,5.101600,0,632320,196608,6438780928
3,43,576,254.430700,0.074300,26.191999,3.377300,219.200897,5.020100,0,632320,196608,6438780928
3,44,729,211.035900,0.100000,26.320999,3.472500,175.821304,4.934400,0,632320,196608,6438780928
3,45,1265,189.009400,0.070500,26.390800,3.406400,153.801102,4.950100,0,632320,196608,6438780928
3,46,470,228.657700,0.081000,26.800400,3.468000,192.726898,5.014300,0,632320,196608,6438780928
3,47,279,206.903800,0.186400,26.794600,3.480900,171.115295,4.957200,0,632320,196608,6438780928
3,48,55129,305.181000,0.110800,27.219700,3.506300,269.040192,4.955800,0,632320,196608,6438780928
3,49,79683,369.409800,0.044000,26.961300,3.739500,333.052704,5.039000,0,632320,196608,6438780928
3,50,1372,184.308700,0.073000,27.455799,3.310900,148.116302,4.980300,0,632320,196608,6438780928
3,51,13,335.035400,0.068600,27.744801,3.645900,298.033691,5.054200,0,632320,196608,6438780928
3,52,576,213.196500,0.071700,27.942801,3.794100,175.910599,5.017600,0,632320,196608,6438780928
3,53,1156,199.588800,0.070600,27.589500,3.530600,162.897797,4.999700,0,632320,196608,6438780928
3,54,1378,241.615000,0.089600,27.632401,3.447500,205.034897,4.995800,0,632320,196608,6438780928
3,55,79683,259.275300,0.132700,28.027000,3.513000,222.182602,4.979800,0,632320,196608,6438780928
3,56,5109,238.734200,0.070500,28.437799,3.614100,201.275406,4.936200,0,632320,196608,6438780928
3,57,525,266.294200,0.058600,27.642000,3.224000,230.018204,4.990000,0,632320,196608,6438780928
3,58,220,372.303800,0.118400,28.156700,3.784500,334.628204,5.058900,0,632320,196608,6438780928
3,59,15,418.688600,0.116600,28.644100,4.591200,379.987701,4.948900,0,632320,196608,6438780928
3,60,323,304.501900,0.074100,28.182800,3.242000,267.559906,5.071100,0,632320,196608,6438780928
3,61,220,282.644600,0.054100,27.870501,3.418900,245.723007,5.074500,0,632320,196608,6438780928
3,62,16,222.566500,0.136100,28.120501,3.070000,185.790695,5.017500,0,632320,196608,6438780928
3,63,13,311.879400,0.083200,27.944901,3.266800,275.169891,4.990800,0,632320,196608,6438780928
3,64,1752,306.397600,0.060500,27.849701,3.106800,269.992706,5.004400,0,632320,196608,6438780928
3,65,3110,233.626700,0.072200,28.321600,3.599000,196.076294,5.062200,0,632320,196608,6438780928
3,66,11,166.396100,0.117700,28.308201,3.781400,128.532303,5.046600,0,632320,196608,6438780928
3,67,75698,376.908200,0.090200,28.283501,4.075500,339.023987,5.027300,0,632320,196608,6438780928
3,68,7,366.727300,0.082500,28.440399,3.332800,329.327698,5.069400,0,632320,196608,6438780928
3,69,15,331.473200,0.071700,28.860001,4.494200,292.376709,5.108900,0,632320,196608,6438780928
3,70,8,280.282100,0.112100,29.097500,4.565400,240.896500,5.092400,0,632320,196608,6438780928
3,71,1265,292.886000,0.176300,29.420500,5.309600,252.695801,4.919300,0,632320,196608,6438780928
3,72,470,208.654500,0.047900,28.263700,3.658900,171.256607,4.966500,0,632320,196608,6438780928
3,73,220,375.552500,0.048300,28.599800,4.162900,337.315887,5.030600,0,632320,196608,6438780928
3,74,15,204.260300,0.069500,28.785000,4.425500,165.639297,4.979000,0,632320,196608,6438780928
3,75,11,327.311400,0.047600,29.004200,4.776600,288.098206,4.991600,0,632320,196608,6438780928
3,76,75698,298.078600,0.182200,28.391300,3.624100,260.393097,5.022100,0,632320,196608,6438780928
3,77,7,272.050400,0.111700,28.732100,4.654400,232.915405,5.155100,0,632320,196608,6438780928
3,78,16,235.740900,0.090900,28.599001,4.154500,197.276001,5.157600,0,632320,196608,6438780928
3,79,8,330.315100,0.099600,28.782600,4.385700,291.610413,5.032300,0,632320,196608,6438780928
3,80,1265,420.984000,0.075700,29.526199,4.558800,381.190002,5.090800,0,632320,196608,6438780928
3,81,470,319.580900,0.097100,28.758600,4.560400,280.560303,5.103100,0,632320,196608,6438780928
3,82,220,304.512000,0.104300,29.242001,4.882300,264.676086,5.099800,0,632320,196608,6438780928
3,83,16,244.500200,0.133600,29.232901,4.893400,204.870102,4.971700,0,632320,196608,6438780928
3,84,11,724.873300,0.194100,28.889200,4.580100,685.655029,5.087300,0,632320,196608,6438780928
3,85,75698,296.252000,0.143800,28.453501,4.067800,258.125488,5.034900,0,632320,196608,6438780928
3,86,7,214.680600,0.091300,28.106800,3.936400,177.156998,4.938200,0,632320,196608,6438780928
3,87,17,202.833200,0.093900,28.653000,4.017400,164.547394,5.078000,0,632320,196608,6438780928
3,88,8,286.471400,0.148700,29.357700,5.414300,245.808701,5.133900,0,632320,196608,6438780928
4,0,7985,435.609100,4.242900,25.321400,4.379100,396.379791,4.916800,0,632320,196608,6438780928
4,1,1172,462.532400,0.055900,25.090700,4.208000,427.715302,4.938400,0,632320,196608,6438780928
4,2,13027,362.757200,0.061200,25.525400,4.346200,327.149200,5.171000,0,632320,196608,6438780928
4,3,2038,300.319700,0.105200,25.536301,5.634900,263.627014,5.006000,0,632320,196608,6438780928
4,4,369,292.788300,0.079100,28.510900,5.277700,252.857101,5.655500,0,632320,196608,6438780928
4,5,264,298.909800,0.062500,28.642799,5.515500,258.462006,5.705100,0,632320,196608,6438780928
4,6,5611,257.028700,0.159400,28.627800,4.832900,217.112793,5.761300,0,632320,196608,6438780928
4,7,536,168.195500,0.145300,28.858900,4.971400,128.639801,5.065200,0,632320,196608,6438780928
4,8,11537,194.649600,0.112700,26.164000,4.656400,158.144608,5.081200,0,632320,196608,6438780928
4,9,1667,203.732600,0.100500,25.807501,5.617500,166.626205,5.082300,0,632320,196608,6438780928
4,10,264,159.524800,0.106500,25.228901,4.046500,124.727303,4.996900,0,632320,196608,6438780928
4,11,1140,121.387300,0.109400,24.639099,3.614700,87.698402,4.957300,0,632320,196608,6438780928
4,12,13,370.811000,0.050600,25.130100,3.769800,336.364899,5.107800,0,632320,196608,6438780928
4,13,2308,315.742600,0.067600,25.404200,4.148700,280.666199,4.958500,0,632320,196608,6438780928
4,14,6042,229.351300,0.097100,26.051399,4.706900,193.048904,5.004100,0,632320,196608,6438780928
4,15,11,158.198500,0.108900,25.172300,4.541200,122.794098,5.084500,0,632320,196608,6438780928
4,16,902,142.153600,0.088000,24.626200,3.638200,108.320900,5.038900,0,632320,196608,6438780928
4,17,16148,181.451000,0.102600,25.368200,3.511700,146.996201,5.015900,0,632320,196608,6438780928
4,18,11,115.300200,0.118500,25.607500,3.954500,80.101601,4.969600,0,632320,196608,6438780928
4,19,2038,172.350300,0.070400,25.516300,4.640100,136.654495,4.947600,0,632320,196608,6438780928
4,20,1172,170.139000,0.123700,25.367300,4.120900,135.121902,4.971900,0,632320,196608,6438780928
4,21,13,147.723000,0.071800,25.320101,4.522500,112.067398,5.117200,0,632320,196608,6438780928
4,22,576,299.704200,0.195200,25.743900,4.285200,264.127686,4.965800,0,632320,196608,6438780928
4,23,5611,347.460900,0.076200,25.867399,4.850300,311.174591,5.017800,0,632320,196608,6438780928
4,24,1265,246.180900,0.123500,25.577101,4.691800,209.760406,5.086400,0,632320,196608,6438780928
4,25,614,269.880200,0.170100,26.361300,5.343700,232.477203,5.005100,0,632320,196608,6438780928
4,26,279,207.405100,0.105600,26.484900,5.984000,169.180801,5.080900,0,632320,196608,6438780928
4,27,2701,204.844900,0.117600,26.389400,4.808500,167.957397,5.003600,0,632320,196608,6438780928
4,28,5413,242.005600,0.169200,25.972401,5.003800,205.269501,5.061200,0,632320,196608,6438780928
4,29,25,274.824700,0.081200,25.754999,3.909600,239.754501,4.941800,0,632320,196608,6438780928
4,30,4484,309.961800,0.217900,25.136999,4.095300,275.144501,4.988300,0,632320,196608,6438780928
4,31,11,190.112100,0.074800,25.516100,4.892100,154.059799,5.058300,0,632320,196608,6438780928
4,32,2420,195.780800,0.202500,25.476601,3.951800,160.741501,5.026600,0,632320,196608,6438780928
4,33,11,201.593800,0.122700,25.820000,4.261700,165.828995,5.093100,0,632320,196608,6438780928
4,34,32592,165.208300,0.111700,25.864700,4.714600,128.874695,5.106900,0,632320,196608,6438780928
4,35,11,120.933100,0.114000,26.208099,4.872200,84.374702,4.969200,0,632320,196608,6438780928
4,36,374,185.241900,0.049100,25.081699,3.580900,151.046707,5.026700,0,632320,196608,6438780928
4,37,15124,182.456800,0.133400,26.712900,4.814100,145.454407,4.936000,0,632320,196608,6438780928
4,38,11,97.165100,0.071200,26.245199,4.609700,60.543098,5.164700,0,632320,196608,6438780928
4,39,1379,192.767400,0.093000,26.501801,4.499700,156.191895,5.027700,0,632320,196608,6438780928
4,40,13,287.906900,0.110500,26.811899,5.279600,250.089203,5.098900,0,632320,196608,6438780928
4,41,576,276.665700,0.110200,26.809099,5.159900,239.055695,5.048900,0,632320,196608,6438780928
4,42,5611,309.779600,0.089700,27.082199,4.995700,272.031494,4.988400,0,632320,196608,6438780928
4,43,1265,296.220000,0.112900,27.333200,4.739800,258.656708,4.973600,0,632320,196608,6438780928
4,44,387,145.511000,0.081700,25.818600,3.515500,110.815697,4.930100,0,632320,196608,6438780928
4,45,17271,211.746600,0.053600,26.097500,3.344900,176.905899,4.966900,0,632320,196608,6438780928
4,46,448,249.414000,0.053300,27.652700,4.577700,211.817200,4.943500,0,632320,196608,6438780928
4,47,458,194.133100,0.048000,26.920401,3.291200,158.348099,5.110100,0,632320,196608,6438780928
4,48,4287,199.262700,0.074200,27.924500,4.530600,161.167801,5.063200,0,632320,196608,6438780928
4,49,1140,169.074800,0.099500,28.186800,5.292300,129.847900,5.141700,0,632320,196608,6438780928
4,50,13,289.312900,0.115400,27.445601,4.273500,251.843506,5.030000,0,632320,196608,6438780928
4,51,576,228.819600,0.100000,28.228701,4.206700,190.619095,5.110800,0,632320,196608,6438780928
4,52,4484,221.521000,0.093500,27.656099,4.106800,184.089706,5.031100,0,632320,196608,6438780928
4,53,1714,185.269100,0.093700,28.083300,4.046700,147.371094,5.080000,0,632320,196608,6438780928
4,54,1265,201.472900,0.097000,28.619400,4.518800,162.827393,5.011700,0,632320,196608,6438780928
4,55,912,214.411700,0.109000,28.795099,4.518500,175.543106,4.983200,0,632320,196608,6438780928
4,56,458,271.448200,0.112000,28.857901,5.080600,231.968399,4.997400,0,632320,196608,6438780928
4,57,2392,178.054000,0.097500,28.160000,3.514700,140.844604,5.007200,0,632320,196608,6438780928
4,58,311,182.891300,0.136400,28.323900,3.735300,145.189804,4.995100,0,632320,196608,6438780928
4,59,279,172.150900,0.099900,28.531200,3.749300,134.303696,5.048000,0,632320,196608,6438780928
4,60,1909,221.301700,0.085000,28.342600,2.962400,184.493698,5.032200,0,632320,196608,6438780928
4,61,315,193.984300,0.129800,28.561701,3.870400,155.987503,5.001400,0,632320,196608,6438780928
4,62,279,255.053600,0.102200,29.049900,3.967400,216.597900,4.937100,0,632320,196608,6438780928
4,63,5611,160.888100,0.075900,27.542500,3.024800,124.923401,4.920400,0,632320,196608,6438780928
4,64,13,279.474800,0.100000,28.419701,3.272300,242.246994,4.983100,0,632320,196608,6438780928
4,65,576,236.605600,0.088300,27.617599,3.141400,200.436096,4.931400,0,632320,196608,6438780928
4,66,2420,240.590500,0.121600,28.171801,3.211200,203.570602,4.949200,0,632320,196608,6438780928
4,67,1714,196.381800,0.061700,27.835100,3.085100,160.084702,4.935700,0,632320,196608,6438780928
4,68,1265,196.140800,0.079200,28.278999,3.328100,158.898407,5.096100,0,632320,196608,6438780928
4,69,4057,208.394600,0.068700,28.048401,3.527000,171.329193,5.023100,0,632320,196608,6438780928
4,70,323,178.725300,0.080400,28.368999,3.748200,141.106400,4.977700,0,632320,196608,6438780928
4,71,470,121.211200,0.077000,28.550100,3.525800,83.633400,4.968600,0,632320,196608,6438780928
4,72,279,162.614400,0.067200,27.985600,3.006400,126.085503,5.038000,0,632320,196608,6438780928
4,73,1909,192.879100,0.071300,27.791100,2.841700,156.754898,5.021300,0,632320,196608,6438780928
4,74,2392,174.994600,0.077600,28.116899,2.980400,138.431900,4.997900,0,632320,196608,6438780928
4,75,13,305.023700,0.074800,28.577600,3.611800,267.375610,4.958800,0,632320,196608,6438780928
4,76,576,231.626100,0.095500,28.114000,3.785000,194.028107,5.079300,0,632320,196608,6438780928
4,77,32592,229.115600,0.117200,28.581800,3.715900,191.268600,4.980600,0,632320,196608,6438780928
4,78,1714,219.500700,0.091500,29.165300,3.903200,180.830307,5.049500,0,632320,196608,6438780928
4,79,1265,197.255100,0.107100,28.329901,3.675400,159.743805,4.983800,0,632320,196608,6438780928
4,80,470,211.797600,0.078300,28.056601,3.344500,174.944504,4.982200,0,632320,196608,6438780928
4,81,279,167.022900,0.088400,27.751499,3.306100,130.402100,5.007000,0,632320,196608,6438780928
4,82,1909,224.214600,0.078500,28.056801,3.541600,187.165802,4.983600,0,632320,196608,6438780928
4,83,2392,195.738100,0.070500,28.134899,3.583500,158.632904,4.933500,0,632320,196608,6438780928
4,84,13,290.992300,0.052900,28.048700,3.705600,253.742996,5.007400,0,632320,196608,6438780928
4,85,576,204.310800,0.079600,28.174299,3.445300,167.139694,4.995700,0,632320,196608,6438780928
5,0,7985,346.317600,3.439600,24.506100,3.364600,309.658295,4.961700,0,632320,196608,6438780928
5,1,1172,214.005200,0.108300,24.560400,3.231800,180.749496,4.996400,0,632320,196608,6438780928
5,2,13027,186.323300,0.071400,24.322701,2.961100,153.565506,5.034400,0,632320,196608,6438780928
5,3,2038,127.540200,0.072400,24.876200,3.327700,93.758102,5.024400,0,632320,196608,6438780928
5,4,369,168.709000,0.099400,24.777599,3.336800,135.192093,4.922400,0,632320,196608,6438780928
5,5,264,161.721600,0.068200,24.816900,3.762300,127.676804,5.003800,0,632320,196608,6438780928
5,6,729,127.050300,0.072200,24.712900,3.122200,93.521500,5.110300,0,632320,196608,6438780928
5,7,429,119.562400,0.171000,24.933901,3.302700,85.674797,5.032400,0,632320,196608,6438780928
5,8,26674,167.892200,0.072600,25.009399,4.190000,133.192993,4.991100,0,632320,196608,6438780928
5,9,57221,317.512700,0.092600,26.217699,4.987400,280.677094,5.059300,0,632320,196608,6438780928
5,10,1156,178.981000,0.094600,25.599899,4.142000,143.734695,5.011100,0,632320,196608,6438780928
5,11,2711,116.208700,0.064000,24.653299,3.187000,82.868500,5.004700,0,632320,196608,6438780928
5,12,389,169.771400,0.076900,24.998899,3.437800,135.900604,4.970600,0,632320,196608,6438780928
5,13,264,149.320000,0.069000,25.035101,3.265400,115.434402,5.017400,0,632320,196608,6438780928
5,14,4771,147.830700,0.076400,24.914700,3.618400,113.838600,4.981600,0,632320,196608,6438780928
5,15,2661,138.548800,0.078600,25.152901,3.674400,104.094002,5.020200,0,632320,196608,6438780928
5,16,438,112.098700,0.108600,25.030500,4.004400,77.532898,5.032800,0,632320,196608,6438780928
5,17,458,109.828500,0.070000,24.539200,2.945900,76.883003,5.029800,0,632320,196608,6438780928
5,18,73849,176.154700,0.065200,24.469999,2.916900,143.131699,5.097700,0,632320,196608,6438780928
5,19,1140,131.341600,0.065500,24.599100,3.303500,97.877098,5.083400,0,632320,196608,6438780928
5,20,13,224.658400,0.091100,24.526300,2.655600,192.030807,4.972400,0,632320,196608,6438780928
5,21,2308,182.518700,0.115000,25.287800,3.406300,148.269897,5.035100,0,632320,196608,6438780928
5,22,6042,158.181100,0.069100,24.508699,3.095100,125.125099,5.020700,0,632320,196608,6438780928
5,23,11,121.175800,0.070700,25.005199,3.582500,86.982903,5.028300,0,632320,196608,6438780928
5,24,902,134.522900,0.077800,26.250099,3.609500,99.205101,4.987800,0,632320,196608,6438780928
5,25,16148,131.262800,0.070800,24.458000,3.001900,98.431900,4.938500,0,632320,196608,6438780928
5,26,11,93.815500,0.048800,24.547100,3.307800,60.270599,5.045900,0,632320,196608,6438780928
5,27,2038,130.217600,0.155200,24.633101,3.352700,96.712097,4.990200,0,632320,196608,6438780928
5,28,1172,135.636100,0.063500,24.986900,3.224800,101.980904,5.021500,0,632320,196608,6438780928
5,29,13,169.338400,0.049700,24.528799,3.238900,136.189102,4.973800,0,632320,196608,6438780928
5,30,576,163.517400,0.109700,25.570999,4.301400,127.625099,5.191600,0,632320,196608,6438780928
5,31,729,141.031300,0.130700,25.054800,3.279700,107.143097,5.012600,0,632320,196608,6438780928
5,32,1265,123.879400,0.066200,25.017700,3.652200,89.715698,5.043600,0,632320,196608,6438780928
5,33,1896,172.280800,0.066800,25.538401,4.420500,136.505905,5.125900,0,632320,196608,6438780928
5,34,279,165.090200,0.096300,25.796200,3.684800,130.075607,5.018500,0,632320,196608,6438780928
5,35,4771,158.295000,0.084400,25.591900,3.564400,123.514702,5.009300,0,632320,196608,6438780928
5,36,323,173.388700,0.091200,25.637501,4.192000,137.873993,5.075700,0,632320,196608,6438780928
5,37,279,111.210400,0.080400,26.134600,3.898200,75.623299,5.037600,0,632320,196608,6438780928
5,38,5916,180.577800,0.083300,25.474199,3.130800,146.443405,5.037500,0,632320,196608,6438780928
5,39,2436,140.767500,0.071100,26.425600,3.845300,105.047401,4.986100,0,632320,196608,6438780928
5,40,438,312.656800,0.078500,136.708694,6.197700,164.274200,4.997200,0,632320,196608,6438780928
5,41,5029,260.214500,0.090800,144.646698,5.955500,104.125801,5.016400,0,632320,196608,6438780928
5,42,323,293.882600,0.071800,144.256393,5.914600,138.127304,5.107300,0,632320,196608,6438780928
5,43,470,275.602300,0.074500,149.641693,6.834800,113.481903,5.093300,0,632320,196608,6438780928
5,44,279,320.128100,0.083100,145.118896,6.207700,163.282593,4.998700,0,632320,196608,6438780928
5,45,1973,307.737000,0.061700,141.661407,5.606300,155.039597,4.996900,0,632320,196608,6438780928
5,46,315,275.252500,0.066300,142.132599,5.537000,122.179001,4.988000,0,632320,196608,6438780928
5,47,11994,318.914400,0.060900,148.534302,6.494900,158.310303,5.095000,0,632320,196608,6438780928
5,48,7798,270.867400,0.085300,146.180496,5.409000,113.859497,4.979000,0,632320,196608,6438780928
5,49,13,340.392900,0.064200,143.499603,5.459200,185.926804,4.972900,0,632320,196608,6438780928
5,50,576,289.129600,0.081700,144.335007,4.467900,134.749496,5.063100,0,632320,196608,6438780928
5,51,4771,271.785000,0.096700,144.483093,6.509700,115.273102,5.061900,0,632320,196608,6438780928
5,52,374,283.763100,0.066600,144.975204,6.294100,126.957901,5.034500,0,632320,196608,6438780928
5,53,15251,282.286600,0.087900,149.576904,6.865700,120.387604,4.989800,0,632320,196608,6438780928
5,54,438,303.744800,0.056000,149.789993,6.813800,141.523697,5.096400,0,632320,196608,6438780928
5,55,264,277.045300,0.078700,146.252304,7.387400,117.923698,4.998500,0,632320,196608,6438780928
5,56,10997,264.514100,0.079800,150.469406,8.367500,99.887497,5.223400,0,632320,196608,6438780928
5,57,1380,293.754200,0.128100,152.737000,8.356700,127.070000,5.025300,0,632320,196608,6438780928
5,58,6894,319.305400,0.085700,152.368195,7.519300,153.734299,5.067300,0,632320,196608,6438780928
5,59,525,254.982400,0.110800,146.415894,8.677800,94.291397,5.065900,0,632320,196608,6438780928
5,60,7798,245.284900,0.146500,144.850693,5.273400,89.542702,5.052700,0,632320,196608,6438780928
5,61,323,303.900500,0.093700,150.113602,6.995700,141.312607,5.023100,0,632320,196608,6438780928
5,62,2750,261.746800,0.069500,148.474594,6.457400,101.358902,5.018700,0,632320,196608,6438780928
5,63,525,251.860900,0.071100,148.522400,7.161600,90.720497,5.010000,0,632320,196608,6438780928
5,64,11469,267.647100,0.084500,155.854294,8.616700,97.688797,4.995400,0,632320,196608,6438780928
5,65,315,305.023000,0.074400,153.102402,8.535700,137.912598,5.019800,0,632320,196608,6438780928
5,66,23942,331.667200,0.074500,154.880997,8.051500,162.984802,5.125000,0,632320,196608,6438780928
5,67,7798,309.835400,0.152600,158.212204,8.514900,137.475403,5.060400,0,632320,196608,6438780928
5,68,13,418.903200,0.091200,156.311295,7.760600,249.240402,5.099300,0,632320,196608,6438780928
5,69,576,321.352400,0.077100,149.626297,5.997000,160.294006,4.986800,0,632320,196608,6438780928
5,70,5916,353.418400,0.067200,149.931900,5.279500,192.595596,5.147200,0,632320,196608,6438780928
5,71,2436,289.711000,0.070600,152.549606,6.618100,124.801697,5.132900,0,632320,196608,6438780928
5,72,374,304.083500,0.092700,156.708603,7.506500,133.820801,5.093200,0,632320,196608,6438780928
5,73,264,274.928900,0.109600,150.916107,7.216100,111.180099,5.077700,0,632320,196608,6438780928
5,74,914,280.671900,0.081900,151.454498,6.622100,116.933899,5.058800,0,632320,196608,6438780928
5,75,13,356.255800,0.100500,150.874207,5.567900,194.319702,5.020700,0,632320,196608,6438780928
5,76,576,324.803700,0.071900,150.616592,6.643500,162.017593,5.023800,0,632320,196608,6438780928
5,77,729,298.166300,0.078400,155.410599,8.270100,128.569199,5.216900,0,632320,196608,6438780928
5,78,1265,274.735200,0.115500,151.182907,7.075300,110.754097,5.059800,0,632320,196608,6438780928
5,79,470,325.654800,0.075900,153.786301,8.590300,157.524704,5.182200,0,632320,196608,6438780928
5,80,264,345.148100,0.118900,158.948807,8.263800,172.211899,5.117900,0,632320,196608,6438780928
5,81,1140,288.963600,0.111300,159.749893,8.807400,114.567299,5.209400,0,632320,196608,6438780928
5,82,315,296.959300,0.078500,154.490906,7.377600,129.713501,4.937400,0,632320,196608,6438780928
5,83,11994,317.397300,0.100500,152.162201,5.494000,153.992996,5.147400,0,632320,196608,6438780928
5,84,7798,275.291300,0.073100,150.733704,5.664600,113.363602,5.047500,0,632320,196608,6438780928
5,85,304,303.084800,0.065900,155.078293,5.825700,136.491898,5.140000,0,632320,196608,6438780928
5,86,279,323.921100,0.120700,157.695099,7.106400,153.498199,5.078100,0,632320,196608,6438780928
5,87,1973,320.023800,0.081000,159.076096,9.163600,146.235504,5.023700,0,632320,196608,6438780928
5,88,807,372.460700,0.081500,158.632095,8.072600,200.090195,5.091700,0,632320,196608,6438780928
5,89,1033,292.343000,0.124200,156.704895,8.728100,121.173798,5.115600,0,632320,196608,6438780928
5,90,11994,319.041200,0.073200,158.663895,8.899400,145.589706,5.164400,0,632320,196608,6438780928
5,91,13,433.289600,0.117100,156.405396,7.478300,263.977692,4.956700,0,632320,196608,6438780928
5,92,576,332.974900,0.058400,155.715500,5.852100,165.960205,5.032400,0,632320,196608,6438780928
5,93,729,283.227400,0.072300,153.997894,7.505900,116.117500,5.118300,0,632320,196608,6438780928
6,0,7985,527.451300,3.175900,138.300293,7.652400,372.719086,5.202100,0,632320,196608,6438780928
6,1,1172,341.107800,0.210600,135.091995,5.844300,194.246094,5.161600,0,632320,196608,6438780928
6,2,13027,310.275200,0.156400,133.483200,6.692300,164.600906,4.980300,0,632320,196608,6438780928
6,3,2038,242.814100,0.164000,134.931396,5.513200,96.853699,4.978100,0,632320,196608,6438780928
6,4,369,301.411700,0.064300,137.192505,7.551800,151.175995,4.989700,0,632320,196608,6438780928
6,5,264,295.174100,0.078300,138.970398,8.610200,141.935806,5.080500,0,632320,196608,6438780928
6,6,4285,296.816600,0.121100,135.410507,6.690500,148.988693,5.102300,0,632320,196608,6438780928
6,7,444,467.678100,0.114600,138.301895,7.754600,315.805389,5.118000,0,632320,196608,6438780928
6,8,36003,378.595900,0.108200,138.851898,7.787700,226.336197,5.087100,0,632320,196608,6438780928
6,9,6500,269.890700,0.139700,138.699493,8.429600,117.139297,5.079800,0,632320,196608,6438780928
6,10,536,244.924700,0.080800,135.761597,6.763900,96.806602,5.054200,0,632320,196608,6438780928
6,11,448,312.283300,0.076400,132.753006,6.615500,167.445404,5.008300,0,632320,196608,6438780928
6,12,633,304.230700,0.115000,134.321899,6.446600,157.980301,4.975700,0,632320,196608,6438780928
6,13,323,292.536900,0.067900,137.784393,6.886500,142.192001,5.111500,0,632320,196608,6438780928
6,14,2182,266.026400,0.125300,138.658707,7.971800,113.741402,5.079600,0,632320,196608,6438780928
6,15,5413,275.615700,0.081300,135.966202,7.472500,126.518303,5.117700,0,632320,196608,6438780928
6,16,13,397.968800,0.078300,141.745407,7.372100,243.330994,5.001800,0,632320,196608,6438780928
6,17,2308,340.394400,0.082100,139.707199,7.238000,187.898499,5.052900,0,632320,196608,6438780928
6,18,6042,270.628600,0.079600,141.811905,6.659400,116.621498,5.056200,0,632320,196608,6438780928
6,19,11,243.746300,0.080000,142.080902,6.096800,89.589996,5.182000,0,632320,196608,6438780928
6,20,902,231.777900,0.080000,136.296295,3.722700,86.298798,4.977100,0,632320,196608,6438780928
6,21,16148,267.954200,0.064800,137.808899,4.854800,119.788101,5.010600,0,632320,196608,6438780928
6,22,11,214.143300,0.064800,137.361893,4.357000,67.055000,4.955300,0,632320,196608,6438780928
6,23,2038,254.091800,0.040500,136.758804,5.514400,106.223503,5.105400,0,632320,196608,6438780928
6,24,1172,252.284400,0.081800,137.011307,5.690700,104.073601,5.016800,0,632320,196608,6438780928
6,25,13,321.079000,0.082900,141.691803,6.703200,167.071304,5.050000,0,632320,196608,6438780928
6,26,576,303.149600,0.181000,143.253998,6.737200,147.523407,5.030000,0,632320,196608,6438780928
6,27,2038,287.736500,0.078400,140.856201,6.713300,134.517700,5.075500,0,632320,196608,6438780928
6,28,1265,272.221100,0.113100,140.762802,7.123700,118.796402,5.020400,0,632320,196608,6438780928
6,29,387,258.791300,0.077200,142.175903,6.319000,104.856499,4.976900,0,632320,196608,6438780928
6,30,18146,304.173000,0.079500,141.125702,5.756800,151.785995,5.043700,0,632320,196608,6438780928
6,31,448,324.203400,0.074700,143.013596,6.341000,169.328003,5.024000,0,632320,196608,6438780928
6,32,13027,365.461800,0.074800,144.906998,6.346200,208.720505,5.009600,0,632320,196608,6438780928
6,33,220,393.592100,0.089100,141.267700,5.982200,240.893295,4.996000,0,632320,196608,6438780928
6,34,18,274.901500,0.067900,143.871201,5.498100,119.906898,5.074400,0,632320,196608,6438780928
6,35,13,332.434800,0.099800,146.214996,5.931000,174.868393,4.942800,0,632320,196608,6438780928
6,36,21,283.318100,0.071100,140.188202,5.397800,132.341995,4.943700,0,632320,196608,6438780928
6,37,10,310.353000,0.042000,140.833801,5.060500,158.791794,5.175800,0,632320,196608,6438780928
6,38,382,391.329800,0.069200,143.681702,5.204800,236.769699,5.052000,0,632320,196608,6438780928
6,39,73594,341.512100,0.099000,144.516403,5.762300,185.655701,5.057400,0,632320,196608,6438780928
6,40,12669,348.800100,0.127700,144.588898,5.815000,192.679901,5.095000,0,632320,196608,6438780928
6,41,198,272.895700,0.181200,145.377396,5.935400,115.824600,5.041000,0,632320,196608,6438780928
6,42,1040,275.600100,0.072600,146.359894,6.299900,117.396202,4.985000,0,632320,196608,6438780928
6,43,44550,380.262900,0.089600,145.536606,5.734800,223.527802,4.984500,0,632320,196608,6438780928
6,44,5459,310.364700,0.054600,148.318405,5.925200,150.612793,5.012900,0,632320,196608,6438780928
6,45,1777,278.836400,0.079500,146.119995,6.737600,120.499397,5.020200,0,632320,196608,6438780928
6,46,510,349.563800,0.081100,143.033707,4.900000,195.787903,5.139400,0,632320,196608,6438780928
6,47,262,285.975100,0.113900,143.870804,5.518500,131.130203,4.979900,0,632320,196608,6438780928
6,48,707,286.720300,0.068600,146.477402,4.854600,129.995697,4.952600,0,632320,196608,6438780928
6,49,1304,322.244300,0.071300,149.556305,6.258600,160.967407,4.976000,0,632320,196608,6438780928
6,50,2327,326.050400,0.072500,143.964798,5.189600,171.485901,4.962300,0,632320,196608,6438780928
6,51,3804,303.749400,0.053100,146.042999,5.431800,146.815796,5.003700,0,632320,196608,6438780928
6,52,721,308.717100,0.074500,145.832306,5.112500,152.341003,4.988200,0,632320,196608,6438780928
6,53,11,323.114000,0.070800,144.970901,4.576900,167.805206,5.059400,0,632320,196608,6438780928
6,54,8654,314.015500,0.124600,150.166702,6.099800,152.184402,4.997600,0,632320,196608,6438780928
6,55,982,346.964200,0.080600,146.497604,5.850800,188.966995,5.121100,0,632320,196608,6438780928
6,56,286,306.642300,0.122600,145.622696,5.258600,150.110596,5.114100,0,632320,196608,6438780928
6,57,656,287.046500,0.080800,150.772705,6.721600,123.903603,5.068400,0,632320,196608,6438780928
6,58,59168,393.447800,0.087600,150.629395,6.365400,230.848602,5.061200,0,632320,196608,6438780928
6,59,284,401.946900,0.077000,149.967194,5.636600,240.854095,5.018100,0,632320,196608,6438780928
6,60,8654,341.107100,0.073000,147.218201,5.604500,182.642197,5.122900,0,632320,196608,6438780928
6,61,198,330.022200,0.142600,147.073898,5.899700,171.414703,5.041900,0,632320,196608,6438780928
6,62,286,337.648900,0.127100,146.935699,5.366500,179.520996,5.133700,0,632320,196608,6438780928
6,63,656,334.639900,0.108400,149.634705,6.758600,172.771393,4.960000,0,632320,196608,6438780928
6,64,20087,323.533900,0.072100,148.244797,5.488300,164.041504,5.091500,0,632320,196608,6438780928
6,65,284,290.797100,0.102600,149.790100,5.738100,129.767807,4.972600,0,632320,196608,6438780928
6,66,5613,310.362600,0.086300,150.966904,5.282200,148.633499,5.019100,0,632320,196608,6438780928
6,67,286,340.072800,0.108800,151.929703,5.736300,176.848801,5.080000,0,632320,196608,6438780928
6,68,656,327.376200,0.113400,156.125504,6.655900,158.918594,5.034900,0,632320,196608,6438780928
6,69,14041,391.032800,0.091600,156.788696,6.253200,222.464996,5.038900,0,632320,196608,6438780928
6,70,284,348.807200,0.080600,156.039505,6.640000,180.512497,5.083800,0,632320,196608,6438780928
6,71,14599,1886.881200,0.116200,149.875397,4.078400,1727.506226,4.960400,0,632320,196608,6438780928
6,72,262,351.354800,0.067700,149.158997,4.846200,191.940704,4.955900,0,632320,196608,6438780928
6,73,707,329.163400,0.059700,154.660400,6.030600,162.997894,5.052500,0,632320,196608,6438780928
6,74,633,380.710200,0.078000,153.296799,6.873900,214.991898,5.050800,0,632320,196608,6438780928
6,75,1193,318.752800,0.082600,149.974899,6.081500,157.040405,5.085800,0,632320,196608,6438780928
6,76,11,310.132100,0.112200,152.456696,6.208700,145.984802,4.977000,0,632320,196608,6438780928
6,77,1376,352.156500,0.070000,156.321106,7.941500,182.424194,5.012100,0,632320,196608,6438780928
6,78,982,401.787200,0.092400,152.914398,6.928700,236.276001,5.101600,0,632320,196608,6438780928
6,79,286,365.924600,0.111700,158.879303,7.746700,193.574799,5.085600,0,632320,196608,6438780928
6,80,421,320.387100,0.174900,155.345001,6.882600,152.673904,4.937300,0,632320,196608,6438780928
6,81,1376,530.706800,0.044400,156.682800,7.486300,360.982605,5.056800,0,632320,196608,6438780928
6,82,304,372.136600,0.080300,152.737900,5.436100,208.398804,5.039200,0,632320,196608,6438780928
6,83,656,401.536500,0.106300,153.362000,6.090500,236.393005,5.114800,0,632320,196608,6438780928
6,84,20087,377.935600,0.132700,157.623703,7.828200,206.785599,5.069000,0,632320,196608,6438780928
6,85,510,378.071500,0.091000,152.709900,6.130300,213.619202,5.062700,0,632320,196608,6438780928
6,86,310,363.941600,0.093500,156.000305,6.485800,196.052002,4.932300,0,632320,196608,6438780928
6,87,656,386.587900,0.052800,159.012100,7.734600,214.257996,5.085800,0,632320,196608,6438780928
6,88,14041,366.572000,0.109700,159.475693,7.645800,193.773102,5.122100,0,632320,196608,6438780928
6,89,4850,335.796800,0.108700,156.705002,8.036200,165.401199,5.048300,0,632320,196608,6438780928
7,0,7985,496.180100,4.025900,138.529694,7.722200,340.415497,5.038800,0,632320,196608,6438780928
7,1,1172,359.834200,0.128100,138.323502,8.089700,207.628998,5.071500,0,632320,196608,6438780928
7,2,356,351.456100,0.150400,132.634201,6.913300,206.380997,5.013800,0,632320,196608,6438780928
7,3,1027,270.290000,0.058200,135.528503,5.944200,123.411102,4.992000,0,632320,196608,6438780928
7,4,2038,247.060200,0.056100,135.771103,6.065400,99.639702,5.000400,0,632320,196608,6438780928
7,5,369,285.934400,0.099600,136.797897,6.070800,137.190094,5.149200,0,632320,196608,6438780928
7,6,264,293.319300,0.123800,133.656097,6.389600,147.745605,4.994700,0,632320,196608,6438780928
7,7,729,229.129500,0.075500,134.813293,6.345700,82.252602,5.155500,0,632320,196608,6438780928
7,8,429,243.932000,0.060400,134.806000,6.641400,96.888000,5.039900,0,632320,196608,6438780928
7,9,26674,259.905600,0.107700,135.140594,6.695800,112.423500,5.073600,0,632320,196608,6438780928
7,10,7868,362.300800,0.094900,138.534698,8.183600,209.815506,5.105700,0,632320,196608,6438780928
7,11,2711,299.116800,0.147700,138.996796,9.234700,145.037994,5.182100,0,632320,196608,6438780928
7,12,389,303.783700,0.113600,137.971405,7.961700,152.060196,5.152500,0,632320,196608,6438780928
7,13,264,269.446500,0.107300,139.327896,8.513800,115.976799,5.082100,0,632320,196608,6438780928
7,14,10615,298.230900,0.100000,139.320007,8.197500,145.063507,5.111500,0,632320,196608,6438780928
7,15,1334,254.480500,0.113700,138.818695,8.733400,101.197800,5.123200,0,632320,196608,6438780928
7,16,13,383.297200,0.084000,135.062195,6.123700,236.393707,5.114400,0,632320,196608,6438780928
7,17,2308,306.577900,0.097100,137.943695,5.511200,157.573807,4.984200,0,632320,196608,6438780928
7,18,6042,302.173300,0.094000,138.541595,7.119900,150.963898,5.073300,0,632320,196608,6438780928
7,19,11,256.269100,0.153800,140.411697,7.458200,102.596603,5.077200,0,632320,196608,6438780928
7,20,902,271.870600,0.109900,143.203995,7.884600,115.004204,5.138600,0,632320,196608,6438780928
7,21,16148,274.873000,0.105700,136.436707,6.679600,126.315102,4.959500,0,632320,196608,6438780928
7,22,11,220.066700,0.046800,138.409195,6.076000,70.019402,5.085200,0,632320,196608,6438780928
7,23,2038,291.399600,0.095000,142.909302,7.424400,135.331406,5.142500,0,632320,196608,6438780928
7,24,1172,290.315400,0.125100,141.394104,8.517500,134.733398,5.126300,0,632320,196608,6438780928
7,25,13,349.208000,0.077500,143.541794,7.721500,192.084595,5.187900,0,632320,196608,6438780928
7,26,576,300.609300,0.126800,136.823593,6.788300,151.487198,4.985000,0,632320,196608,6438780928
7,27,729,278.474400,0.068700,135.949203,6.207700,130.780396,5.025700,0,632320,196608,6438780928
7,28,1265,263.745600,0.120000,136.436005,6.665100,115.158096,5.000500,0,632320,196608,6438780928
7,29,387,268.762100,0.079900,140.837494,7.096800,115.115799,5.135700,0,632320,196608,6438780928
7,30,6941,278.325200,0.080100,140.686707,6.856100,125.142998,5.099300,0,632320,196608,6438780928
7,31,364,307.296500,0.080000,135.072495,5.464500,161.315399,4.961900,0,632320,196608,6438780928
7,32,25891,376.429200,0.067500,143.087204,6.435200,221.484299,4.959100,0,632320,196608,6438780928
7,33,5890,278.662500,0.071000,142.108597,5.926900,124.978897,5.028400,0,632320,196608,6438780928
7,34,6,307.392200,0.073700,146.436798,7.320600,148.005707,5.099200,0,632320,196608,6438780928
7,35,323,330.298600,0.084900,145.042206,7.713000,171.781204,5.137600,0,632320,196608,6438780928
7,36,1896,320.423800,0.072700,145.373306,7.326600,162.034698,5.075100,0,632320,196608,6438780928
7,37,5029,287.012300,0.210700,147.858505,8.679800,124.823799,5.020300,0,632320,196608,6438780928
7,38,320,355.939300,0.082600,147.911697,7.965100,194.558899,5.013800,0,632320,196608,6438780928
7,39,396,314.718500,0.120500,149.727997,6.758600,152.744904,4.967300,0,632320,196608,6438780928
7,40,2890,295.644500,0.072800,143.035797,4.896700,141.820908,5.126800,0,632320,196608,6438780928
7,41,12995,275.102300,0.104600,141.259598,4.354200,123.952698,5.051400,0,632320,196608,6438780928
7,42,526,253.528400,0.073000,143.766098,5.195900,99.132401,4.997500,0,632320,196608,6438780928
7,43,308,267.694200,0.067600,142.716003,5.972100,113.336098,5.139800,0,632320,196608,6438780928
7,44,11,289.488700,0.109900,145.690506,6.098800,132.204102,5.003500,0,632320,196608,6438780928
7,45,526,276.516300,0.089200,145.212601,5.862700,119.727699,5.084800,0,632320,196608,6438780928
7,46,856,350.099700,0.103400,145.788300,5.461900,193.273300,5.015200,0,632320,196608,6438780928
7,47,568,361.591900,0.096000,147.322205,6.161400,202.514008,5.008600,0,632320,196608,6438780928
7,48,576,304.798400,0.093500,148.310593,5.933000,145.059296,4.985000,0,632320,196608,6438780928
7,49,729,290.881800,0.073200,152.023193,6.185800,126.937798,5.103900,0,632320,196608,6438780928
7,50,1265,272.369900,0.104500,150.973495,6.710500,109.001701,5.066000,0,632320,196608,6438780928
7,51,470,292.470200,0.135400,146.961105,5.870900,134.060806,5.068000,0,632320,196608,6438780928
7,52,279,282.762200,0.074500,146.038605,5.296000,125.991600,5.004900,0,632320,196608,6438780928
7,53,1922,278.385300,0.062100,145.483002,4.762300,122.672699,5.043200,0,632320,196608,6438780928
7,54,315,280.828800,0.079100,146.829102,6.243300,122.091202,5.098600,0,632320,196608,6438780928
7,55,856,303.444000,0.131900,147.573395,5.962900,144.410004,4.974700,0,632320,196608,6438780928
7,56,304,249.419400,0.065800,143.842896,4.765700,95.403503,4.980100,0,632320,196608,6438780928
7,57,279,294.128500,0.065900,145.379593,4.236000,139.104996,4.954100,0,632320,196608,6438780928
7,58,1334,281.612400,0.052400,146.419601,4.619800,125.141098,5.019000,0,632320,196608,6438780928
7,59,421,279.704900,0.069800,148.578796,6.053200,119.440300,5.119200,0,632320,196608,6438780928
7,60,1730,298.582300,0.105200,147.489395,5.507100,139.914505,5.094500,0,632320,196608,6438780928
7,61,11,335.360300,0.118600,149.584900,5.678900,174.540207,5.000900,0,632320,196608,6438780928
7,62,770,254.818500,0.082700,145.496307,5.468700,98.402100,4.970600,0,632320,196608,6438780928
7,63,470,292.159600,0.070500,147.182907,5.582800,133.812195,5.044700,0,632320,196608,6438780928
7,64,481,390.682200,0.095400,154.605103,6.187000,224.235107,5.084300,0,632320,196608,6438780928
7,65,16,305.199600,0.081100,152.744507,6.221300,140.744705,5.014400,0,632320,196608,6438780928
7,66,13,390.934000,0.079200,155.401093,6.483700,223.389008,5.131800,0,632320,196608,6438780928
7,67,576,330.183800,0.126200,149.345200,5.356300,169.530197,5.126400,0,632320,196608,6438780928
7,68,1334,285.343200,0.100600,150.904007,5.250500,123.671997,5.015300,0,632320,196608,6438780928
7,69,374,279.960700,0.080800,149.680099,5.214300,119.381203,5.083600,0,632320,196608,6438780928
7,70,220,336.626600,0.075400,152.211807,6.006700,172.950806,4.990700,0,632320,196608,6438780928
7,71,15,311.616600,0.064800,149.074707,5.797600,151.207596,5.089600,0,632320,196608,6438780928
7,72,5980,288.491100,0.068400,150.889206,5.401500,126.716499,5.017100,0,632320,196608,6438780928
7,73,13,371.765200,0.070900,151.093903,6.481900,208.663696,5.016400,0,632320,196608,6438780928
7,74,576,330.592300,0.086500,151.475693,6.218500,167.270798,5.077000,0,632320,196608,6438780928
7,75,729,305.602100,0.088400,154.963303,6.546300,138.556900,5.010900,0,632320,196608,6438780928
7,76,1265,262.026200,0.076200,154.484497,6.538200,95.404099,5.039800,0,632320,196608,6438780928
7,77,387,268.692300,0.111800,156.569305,6.829400,99.766701,5.025700,0,632320,196608,6438780928
7,78,5326,311.196000,0.064200,161.049698,7.115600,137.357697,5.080000,0,632320,196608,6438780928
7,79,304,311.562600,0.081500,154.684006,5.930900,145.288101,5.075600,0,632320,196608,6438780928
7,80,264,265.149700,0.096600,158.716202,6.137300,94.732697,5.030700,0,632320,196608,6438780928
7,81,1616,322.108200,0.082300,157.524002,6.121300,153.010193,4.985100,0,632320,196608,6438780928
7,82,429,254.728100,0.059600,151.733398,4.476500,93.138603,4.945400,0,632320,196608,6438780928
7,83,432,240.851200,0.055500,150.781296,4.271000,80.406197,4.972700,0,632320,196608,6438780928
7,84,646,238.098000,0.077000,151.992599,4.378900,76.259399,5.023400,0,632320,196608,6438780928
7,85,387,228.246300,0.068400,155.290298,5.001600,62.565102,4.946800,0,632320,196608,6438780928
7,86,19697,288.391200,0.041200,153.997803,5.118600,123.824898,5.015700,0,632320,196608,6438780928
7,87,323,287.683400,0.059700,151.125397,4.329400,126.803001,4.999300,0,632320,196608,6438780928
7,88,1598,251.264800,0.061700,153.213699,4.486000,88.095200,5.042800,0,632320,196608,6438780928
7,89,438,266.284700,0.076800,152.848206,4.556400,103.416100,5.000500,0,632320,196608,6438780928
8,0,7985,411.812000,4.254500,131.449203,3.384300,267.260590,5.000200,0,632320,196608,6438780928
8,1,1172,299.909800,0.104100,136.297607,4.920300,153.182404,4.983700,0,632320,196608,6438780928
8,2,356,338.228700,0.064400,137.086502,4.936300,190.656799,4.983100,0,632320,196608,6438780928
8,3,1027,246.469000,0.108200,135.320908,4.006400,101.700600,4.965000,0,632320,196608,6438780928
8,4,2038,236.549900,0.053800,137.391098,4.810000,88.872002,5.008300,0,632320,196608,6438780928
8,5,369,277.147400,0.077100,137.453995,4.981500,129.203598,5.028500,0,632320,196608,6438780928
8,6,264,276.453700,0.075900,139.926605,5.051800,125.915398,5.025100,0,632320,196608,6438780928
8,7,729,239.146100,0.082800,140.275406,6.173000,87.072098,5.056200,0,632320,196608,6438780928
8,8,429,238.347100,0.088100,137.073196,5.131400,90.581902,5.011900,0,632320,196608,6438780928
8,9,5169,267.403700,0.082300,133.812805,4.105300,123.936203,4.958700,0,632320,196608,6438780928
8,10,10880,336.231600,0.093900,137.936203,4.951800,187.749496,5.057800,0,632320,196608,6438780928
8,11,3378,272.846100,0.080000,141.401001,5.543900,120.112503,5.143500,0,632320,196608,6438780928
8,12,389,272.226800,0.229300,139.251007,5.710800,121.517097,5.000600,0,632320,196608,6438780928
8,13,264,258.815800,0.072100,130.448196,3.901500,119.051399,4.980800,0,632320,196608,6438780928
8,14,4621,248.771100,0.062100,134.216202,3.871800,105.172203,5.033900,0,632320,196608,6438780928
8,15,315,226.433600,0.071200,136.533798,4.072900,80.356400,4.994700,0,632320,196608,6438780928
8,16,25780,224.307700,0.084100,136.008698,3.988000,78.879898,4.973200,0,632320,196608,6438780928
8,17,13,360.289600,0.041200,138.063507,4.614800,212.197906,5.003500,0,632320,196608,6438780928
8,18,2308,276.283800,0.071300,132.610107,3.723000,134.411102,5.020400,0,632320,196608,6438780928
8,19,6042,273.165200,0.058100,136.427994,3.609000,127.718102,4.981100,0,632320,196608,6438780928
8,20,11,229.048000,0.043200,136.494797,3.518700,83.572800,4.978800,0,632320,196608,6438780928
8,21,902,227.584200,0.074500,136.939407,3.899200,81.275101,5.017700,0,632320,196608,6438780928
8,22,16148,256.382200,0.061100,138.234299,4.038800,108.662003,5.011500,0,632320,196608,6438780928
8,23,11,224.573600,0.053300,140.152405,5.171200,73.753403,5.041800,0,632320,196608,6438780928
8,24,2038,260.759100,0.079400,138.690201,4.625700,111.994904,4.998500,0,632320,196608,6438780928
8,25,1172,259.732400,0.144800,137.694504,4.294900,112.273697,4.947700,0,632320,196608,6438780928
8,26,13,303.737800,0.054700,139.233307,4.464200,154.610504,4.977300,0,632320,196608,6438780928
8,27,576,285.269700,0.074400,138.604996,4.343000,136.890305,4.980300,0,632320,196608,6438780928
8,28,729,282.405100,0.065200,142.616104,5.515800,128.766296,5.041600,0,632320,196608,6438780928
8,29,1265,249.999300,0.083300,138.109497,4.391700,101.991699,5.031000,0,632320,196608,6438780928
8,30,387,243.514000,0.082600,138.249405,4.333300,95.469200,4.995800,0,632320,196608,6438780928
8,31,2598,250.386300,0.058800,135.938797,3.750400,105.311798,4.973400,0,632320,196608,6438780928
8,32,10880,339.682800,0.043600,141.060898,3.894700,189.300095,5.032200,0,632320,196608,6438780928
8,33,10231,273.703400,0.055000,146.878601,4.658500,116.553299,5.069500,0,632320,196608,6438780928
8,34,323,300.445300,0.083300,144.149200,4.132400,146.721497,4.974300,0,632320,196608,6438780928
8,35,1896,270.006700,0.044100,139.882507,3.573300,121.038696,5.022600,0,632320,196608,6438780928
8,36,264,276.346300,0.074300,143.321304,3.806100,123.749397,4.988700,0,632320,196608,6438780928
8,37,4621,262.776000,0.077400,144.337494,3.914200,109.091599,4.969000,0,632320,196608,6438780928
8,38,4159,301.670600,0.064100,142.651596,4.026700,149.558701,4.989700,0,632320,196608,6438780928
8,39,29,253.727600,0.068000,147.022507,4.830600,96.206902,5.108200,0,632320,196608,6438780928
8,40,438,302.995200,0.093700,148.332794,5.692500,143.439896,5.004700,0,632320,196608,6438780928
8,41,1946,265.735200,0.080800,147.838394,5.545100,106.849701,4.988800,0,632320,196608,6438780928
8,42,323,285.111600,0.071900,144.886307,4.182300,130.600693,4.992300,0,632320,196608,6438780928
8,43,470,283.596200,0.071900,143.860107,5.076800,129.128799,4.997300,0,632320,196608,6438780928
8,44,264,296.673900,0.103400,145.167099,5.069400,140.707504,5.050500,0,632320,196608,6438780928
8,45,4621,309.854600,0.082400,148.240494,5.768900,150.337906,4.983400,0,632320,196608,6438780928
8,46,4159,306.661900,0.082700,147.622696,5.481200,148.084503,5.016800,0,632320,196608,6438780928
8,47,14276,340.708000,0.068900,143.428406,4.368100,187.450394,4.963600,0,632320,196608,6438780928
8,48,576,300.041900,0.059100,146.509293,4.216400,143.861404,5.016600,0,632320,196608,6438780928
8,49,729,272.173300,0.068900,144.601105,3.868500,118.190804,5.048800,0,632320,196608,6438780928
8,50,1969,281.616400,0.062800,153.771698,5.195100,117.196899,4.988400,0,632320,196608,6438780928
8,51,537,243.546100,0.060900,142.692398,3.591200,91.745796,5.025000,0,632320,196608,6438780928
8,52,5602,294.011100,0.077600,143.738800,3.491400,141.364594,4.973300,0,632320,196608,6438780928
8,53,279,263.866600,0.072700,149.196304,4.422400,104.829201,4.951700,0,632320,196608,6438780928
8,54,1946,257.466700,0.048500,145.557693,4.008600,102.537598,4.962400,0,632320,196608,6438780928
8,55,4621,248.140700,0.050100,145.339706,4.164600,93.153702,5.060100,0,632320,196608,6438780928
8,56,11,318.297900,0.070300,149.928802,4.535800,158.336197,5.035200,0,632320,196608,6438780928
8,57,714,274.627200,0.061200,147.470901,4.203900,117.443703,5.003100,0,632320,196608,6438780928
8,58,470,291.112400,0.074100,145.660797,4.131100,135.818207,4.963200,0,632320,196608,6438780928
8,59,264,279.725500,0.063300,153.635498,5.553300,115.059303,5.014500,0,632320,196608,6438780928
8,60,501,268.946700,0.077100,149.777802,5.361800,108.271400,5.003300,0,632320,196608,6438780928
8,61,10615,292.404700,0.086600,148.634293,4.967200,133.217697,5.028100,0,632320,196608,6438780928
8,62,4621,268.440800,0.084400,148.705093,5.608400,108.496300,5.021200,0,632320,196608,6438780928
8,63,13,349.980000,0.068500,148.703400,4.232300,191.527496,5.046800,0,632320,196608,6438780928
8,64,576,290.655200,0.049400,149.043701,3.911100,132.283707,4.996700,0,632320,196608,6438780928
8,65,729,274.210400,0.047300,148.061005,3.659300,117.015800,5.056300,0,632320,196608,6438780928
8,66,1969,271.784400,0.050700,155.950897,4.958600,105.467499,4.967900,0,632320,196608,6438780928
8,67,387,250.843800,0.061100,146.660202,3.692900,95.098396,4.972900,0,632320,196608,6438780928
8,68,30819,300.941700,0.048900,149.274796,3.945600,142.321106,4.992700,0,632320,196608,6438780928
8,69,13,358.341000,0.065900,150.010605,4.196600,198.761703,4.950200,0,632320,196608,6438780928
8,70,576,294.186900,0.052800,150.828506,4.067100,133.827103,4.992300,0,632320,196608,6438780928
8,71,729,291.131600,0.056400,151.480606,4.602600,129.603500,4.984400,0,632320,196608,6438780928
8,72,1969,271.145100,0.077500,152.364105,5.106400,108.181702,5.029900,0,632320,196608,6438780928
8,73,537,260.600800,0.067300,149.317993,4.353700,101.537300,4.957200,0,632320,196608,6438780928
8,74,990,284.741100,0.044000,150.233505,4.002300,125.111801,4.990900,0,632320,196608,6438780928
8,75,894,262.590200,0.055300,152.592804,5.018200,99.475502,5.030400,0,632320,196608,6438780928
8,76,5297,305.929900,0.073600,153.105896,5.323200,142.018402,5.025000,0,632320,196608,6438780928
8,77,6733,269.602000,0.078600,153.811493,5.535100,104.576202,5.108800,0,632320,196608,6438780928
8,78,5746,259.857400,0.085300,154.527100,5.591200,94.285896,4.957800,0,632320,196608,6438780928
8,79,3650,272.004900,0.065600,145.717697,3.824000,117.070099,4.933800,0,632320,196608,6438780928
8,80,369,290.405200,0.047900,151.047501,3.988800,129.970703,4.991300,0,632320,196608,6438780928
8,81,4621,278.391400,0.056800,154.233902,4.268200,114.482399,4.932800,0,632320,196608,6438780928
8,82,323,292.014500,0.050000,154.170502,3.942000,128.377304,5.054600,0,632320,196608,6438780928
8,83,279,275.666700,0.081900,152.108994,4.014500,114.119698,4.987500,0,632320,196608,6438780928
8,84,5746,274.500800,0.051900,151.194305,3.915500,113.966301,5.018800,0,632320,196608,6438780928
8,85,315,268.099500,0.069400,153.319107,4.265500,105.089897,4.966500,0,632320,196608,6438780928
8,86,279,249.744500,0.065400,153.313904,4.109500,86.897499,4.987200,0,632320,196608,6438780928
8,87,4621,292.730900,0.056700,152.476501,4.174100,130.478806,5.094400,0,632320,196608,6438780928
8,88,536,257.956200,0.082500,157.459305,4.574000,90.431297,5.004100,0,632320,196608,6438780928
8,89,13,357.523900,0.079000,155.524902,4.571500,191.795197,5.039600,0,632320,196608,6438780928
8,90,576,301.357800,0.103500,152.782104,4.290800,138.744904,5.030400,0,632320,196608,6438780928
9,0,7985,423.765400,3.600200,138.275299,4.991800,271.489197,4.967600,0,632320,196608,6438780928
9,1,1172,322.186000,0.105600,136.018295,4.907600,175.780594,4.985400,0,632320,196608,6438780928
9,2,356,336.423800,0.079100,136.868301,5.625700,188.304794,5.049600,0,632320,196608,6438780928
9,3,1027,252.699300,0.080300,136.453400,5.033100,105.788300,4.976500,0,632320,196608,6438780928
9,4,2038,229.462500,0.058300,133.649506,4.277800,86.010399,5.108500,0,632320,196608,6438780928
9,5,369,268.956100,0.067500,134.756897,4.388200,124.382103,4.981800,0,632320,196608,6438780928
9,6,264,255.513900,0.072500,132.435303,4.242600,113.354202,4.983800,0,632320,196608,6438780928
9,7,729,226.781600,0.069600,136.614594,5.125700,79.618698,4.983400,0,632320,196608,6438780928
9,8,429,225.334800,0.065800,132.939606,4.312600,82.717697,4.951000,0,632320,196608,6438780928
9,9,5169,245.497400,0.074100,131.758804,3.447200,104.882599,4.982600,0,632320,196608,6438780928
9,10,23611,343.123100,0.075000,133.329605,4.035000,200.363907,4.948100,0,632320,196608,6438780928
9,11,3378,244.577500,0.068000,132.705902,3.985100,102.499199,4.962600,0,632320,196608,6438780928
9,12,389,259.399800,0.056600,133.288696,4.111900,116.629700,4.954900,0,632320,196608,6438780928
9,13,458,258.185000,0.065000,136.133896,5.183700,111.372299,5.021100,0,632320,196608,6438780928
9,14,1334,232.187600,0.073500,137.055206,5.105200,84.564598,5.017400,0,632320,196608,6438780928
9,15,13,352.067300,0.074900,136.478302,5.005900,205.121399,4.996400,0,632320,196608,6438780928
9,16,2308,291.799800,0.072300,138.105301,4.781600,143.419693,5.041700,0,632320,196608,6438780928
9,17,6042,284.554600,0.076400,138.403397,5.197900,135.434006,5.033700,0,632320,196608,6438780928
9,18,11,235.363000,0.068500,139.238998,4.940700,85.665001,5.005400,0,632320,196608,6438780928
9,19,902,234.339900,0.070000,136.085999,4.095000,88.693199,4.987500,0,632320,196608,6438780928
9,20,16148,263.425900,0.053700,140.672806,5.904500,111.405899,4.984800,0,632320,196608,6438780928
9,21,11,216.835400,0.066400,137.666794,4.840500,68.946701,4.941300,0,632320,196608,6438780928
9,22,2038,256.515700,0.066700,137.334595,4.569100,109.083397,5.035100,0,632320,196608,6438780928
9,23,1172,259.785300,0.076200,136.651093,4.109000,113.538498,4.948100,0,632320,196608,6438780928
9,24,13,300.582800,0.078300,137.996597,4.791100,152.380493,4.958100,0,632320,196608,6438780928
9,25,576,290.037000,0.070000,140.502701,6.228300,137.856903,4.964300,0,632320,196608,6438780928
9,26,729,258.495700,0.077900,133.530197,3.787300,115.815201,4.939300,0,632320,196608,6438780928
9,27,1265,232.166500,0.050000,133.876495,3.532900,89.356499,5.000200,0,632320,196608,6438780928
9,28,387,241.162300,0.051200,137.579193,4.928900,93.254601,4.976900,0,632320,196608,6438780928
9,29,2598,259.445600,0.055900,137.905807,5.700300,110.376404,4.991300,0,632320,196608,6438780928
9,30,364,287.595800,0.086700,136.563705,4.740900,140.790497,5.018500,0,632320,196608,6438780928
9,31,77489,334.644600,0.054500,139.390793,5.235400,184.480301,5.030800,0,632320,196608,6438780928
9,32,10231,270.986300,0.095900,145.349701,6.284500,113.813904,5.057700,0,632320,196608,6438780928
9,33,6,280.784600,0.080200,145.174194,5.615100,124.487999,5.032100,0,632320,196608,6438780928
9,34,323,304.633900,0.132900,145.895798,5.879500,147.323700,5.019300,0,632320,196608,6438780928
9,35,1896,278.174400,0.119500,140.147903,4.008800,128.576599,4.973300,0,632320,196608,6438780928
9,36,1378,293.597500,0.041800,142.006897,3.871400,142.279999,5.018000,0,632320,196608,6438780928
9,37,5029,249.438300,0.070600,144.251999,4.715300,95.023399,5.004000,0,632320,196608,6438780928
9,38,25,267.131200,0.072800,144.849396,4.934600,111.890198,4.977000,0,632320,196608,6438780928
9,39,264,261.728600,0.074700,143.804703,5.290500,107.189301,4.993700,0,632320,196608,6438780928
9,40,7445,255.186100,0.051300,141.993607,4.006800,103.762299,5.017500,0,632320,196608,6438780928
9,41,311,261.198100,0.071900,141.042297,4.110300,110.580902,5.034700,0,632320,196608,6438780928
9,42,458,255.822400,0.067300,140.863098,4.480300,105.085197,4.958600,0,632320,196608,6438780928
9,43,7546,240.352800,0.042100,142.398193,4.408200,88.085800,4.971000,0,632320,196608,6438780928
9,44,1334,243.822800,0.079300,144.836700,6.545200,86.834000,5.106200,0,632320,196608,6438780928
9,45,323,285.050800,0.132700,145.210800,5.915300,128.411896,4.986400,0,632320,196608,6438780928
9,46,279,270.073900,0.070500,143.582108,4.792300,116.214699,5.015000,0,632320,196608,6438780928
9,47,1379,263.210600,0.066000,146.969299,6.028200,104.620399,5.063400,0,632320,196608,6438780928
9,48,315,326.078100,0.079400,148.738495,5.731000,166.148895,4.973400,0,632320,196608,6438780928
9,49,279,313.900900,0.048500,149.809097,5.899200,152.699707,5.004000,0,632320,196608,6438780928
9,50,1334,293.023700,0.082100,149.632401,5.558500,132.348801,5.032900,0,632320,196608,6438780928
9,51,13,330.197200,0.052500,144.674805,4.243800,175.800797,5.033200,0,632320,196608,6438780928
9,52,576,276.346300,0.071400,145.378906,4.572200,120.961601,4.969300,0,632320,196608,6438780928
9,53,729,250.862100,0.065000,146.360504,4.607700,94.411400,5.002100,0,632320,196608,6438780928
9,54,1265,249.701500,0.070000,148.497803,5.064200,90.596802,5.049200,0,632320,196608,6438780928
9,55,537,251.931000,0.078200,145.254593,4.458500,96.868103,4.927900,0,632320,196608,6438780928
9,56,470,263.659100,0.038400,141.076294,3.418800,113.878899,4.905200,0,632320,196608,6438780928
9,57,4113,262.412200,0.049500,143.306503,4.066900,109.600899,5.023700,0,632320,196608,6438780928
9,58,11,296.024400,0.077100,146.357300,4.190400,140.079697,4.951000,0,632320,196608,6438780928
9,59,714,232.365900,0.045500,146.712997,4.216300,76.130898,4.910500,0,632320,196608,6438780928
9,60,1265,228.362400,0.044700,147.454300,4.065200,71.387604,5.039500,0,632320,196608,6438780928
9,61,3378,307.166100,0.073800,149.395706,4.820300,147.449707,5.030600,0,632320,196608,6438780928
9,62,279,320.804400,0.080000,150.471207,5.335200,159.554703,4.958000,0,632320,196608,6438780928
9,63,1334,267.815900,0.052000,146.152893,4.540200,111.709702,4.992000,0,632320,196608,6438780928
9,64,304,279.760300,0.070600,150.377197,4.733200,119.142700,5.004900,0,632320,196608,6438780928
9,65,1992,278.084300,0.060200,153.205505,5.264500,114.083099,5.063700,0,632320,196608,6438780928
9,66,13,399.590700,0.085800,155.105194,5.547900,233.438095,4.993300,0,632320,196608,6438780928
9,67,576,309.569300,0.056600,152.060303,5.680800,146.412506,4.971700,0,632320,196608,6438780928
9,68,729,265.348500,0.067400,146.443298,3.691600,109.812302,4.978700,0,632320,196608,6438780928
9,69,1265,256.932200,0.070400,151.477005,4.285900,95.780701,4.972500,0,632320,196608,6438780928
9,70,387,249.174800,0.050800,152.127197,4.017500,87.640800,4.980600,0,632320,196608,6438780928
9,71,5326,282.719000,0.039700,154.730698,4.806800,117.650299,4.999800,0,632320,196608,6438780928
9,72,304,278.140600,0.083700,146.927200,3.384500,122.429001,4.958300,0,632320,196608,6438780928
9,73,264,246.282400,0.047100,151.604599,4.574200,84.303703,5.215800,0,632320,196608,6438780928
9,74,1616,285.365400,0.079300,150.932205,4.405500,124.603203,4.966300,0,632320,196608,6438780928
9,75,429,244.465300,0.038900,148.748993,4.128300,86.214600,4.977600,0,632320,196608,6438780928
9,76,374,258.875600,0.048000,149.576401,4.230700,99.506104,5.038200,0,632320,196608,6438780928
9,77,11050,296.772400,0.077900,155.366592,5.359900,130.515503,5.057400,0,632320,196608,6438780928
9,78,369,309.921100,0.078600,156.770401,6.006400,141.641602,4.970100,0,632320,196608,6438780928
9,79,3460,295.774200,0.071700,153.268005,4.875200,132.224503,4.965600,0,632320,196608,6438780928
9,80,18386,295.929300,0.046200,160.037399,5.778600,124.679100,5.000400,0,632320,196608,6438780928
9,81,13,398.148500,0.079800,162.603806,5.960700,224.033096,5.064600,0,632320,196608,6438780928
9,82,3155,337.948100,0.106500,154.880905,5.507600,172.035507,5.033400,0,632320,196608,6438780928
9,83,537,270.680000,0.126300,152.906799,4.276600,108.072098,4.949400,0,632320,196608,6438780928
9,84,990,294.894800,0.053900,152.925797,4.513000,132.046600,4.980500,0,632320,196608,6438780928
9,85,894,286.179700,0.060700,152.380997,4.002300,124.365303,5.010200,0,632320,196608,6438780928
9,86,5297,304.414000,0.060000,154.939697,4.857800,139.202393,4.971200,0,632320,196608,6438780928
9,87,6733,261.304600,0.051700,148.982407,3.498300,103.441902,4.921300,0,632320,196608,6438780928
9,88,5746,252.012200,0.056400,150.467606,3.785800,92.369598,4.977200,0,632320,196608,6438780928
